symbol,closingbestbiddate,secid,compid,cusip,issue,venue,sectype,class,caveatemptor,tiername,dad_pal,closinginsidebidprice,closinginsidebidpricedate,closinginsideaskprice,closinginsideaskpricedate,insidebid_askmidprice,openprice,highprice,lowprice,lastprice,previouscloseprice,previousclosedate,sharevolume,dollarvol,tradecount,otclinkdolvol,otclinksharevol,otclinkexeccount,shoflag,rule3210flag,shortintvol,shortinterestdate,mmidcount,bfcmmid,tierid,closingbestbid,bestbidsource,closingbestask,closingbestaskdate,bestasksource,securitystatus,sharesoutstanding,sharesoutstandingasofdate
SMCI,2018-08-23,118059,667688,86800U104,SUPER MICRO COMPUTER INC,OTC Link,Common Stock,,N,Pink No Information,,17.24,2018-08-23,17.25,2018-08-23,17.245,15.25,17.29,15.05,17.24,,1969-12-31,7302516,122309724.62957694,2792,25707678.87,1533027,1249,,,956847,2010-11-30,18,17,22,17.24,OTC Link,17.25,2018-08-23,OTC Link,Active,48692992,2017-04-30
SMCI,2018-08-24,118059,667688,86800U104,SUPER MICRO COMPUTER INC,OTC Link,Common Stock,,N,Pink No Information,,16.37,2018-08-24,16.36,2018-08-24,16.365,17.25,17.71,15.9,16.38,17.24,2018-08-22,14657782,240438887.89858007,5925,62236289.66,3784943,3815,,,956847,2010-11-30,20,18,22,16.37,OTC Link,16.36,2018-08-24,OTC Link,Active,48692992,2017-04-30
SMCI,2018-08-27,118059,667688,86800U104,SUPER MICRO COMPUTER INC,OTC Link,Common Stock,,N,Pink No Information,,17.24,2018-08-27,17.25,2018-08-27,17.245,16.5,17.35,16.5,17.25,16.38,2018-08-23,3429763,58828376.67850001,2147,15490986.34,904182,1237,,,956847,2010-11-30,20,19,22,17.24,OTC Link,17.25,2018-08-27,OTC Link,Active,48692992,2017-04-30
SMCI,2018-08-28,118059,667688,86800U104,SUPER MICRO COMPUTER INC,OTC Link,Common Stock,,N,Pink No Information,,19.48,2018-08-28,19.49,2018-08-28,19.485,17.26,19.5,17.24,19.48,17.25,2018-08-26,2053064,37511686.475000024,2167,12584068.32,687157,1513,,,956847,2010-11-30,20,19,22,19.48,OTC Link,19.49,2018-08-28,OTC Link,Active,48692992,2017-04-30
SMCI,2018-08-29,118059,667688,86800U104,SUPER MICRO COMPUTER INC,OTC Link,Common Stock,,N,Pink No Information,,20.14,2018-08-29,20.16,2018-08-29,20.15,19.42,20.25,19.01,20.15,19.48,2018-08-27,1623221,32317307.554110005,1598,9723223.69,490898,994,,,956847,2010-11-30,22,20,22,20.14,OTC Link,20.16,2018-08-29,OTC Link,Active,48692992,2017-04-30
SMCI,2018-08-30,118059,667688,86800U104,SUPER MICRO COMPUTER INC,OTC Link,Common Stock,,N,Pink No Information,,20.65,2018-08-30,20.67,2018-08-30,20.66,20.4,20.85,20.25,20.65,20.15,2018-08-28,1152534,23716741.91,782,3479865.89,169123,379,,,956847,2010-11-30,21,21,22,20.65,OTC Link,20.67,2018-08-30,OTC Link,Active,48692992,2017-04-30
SMCI,2018-08-31,118059,667688,86800U104,SUPER MICRO COMPUTER INC,OTC Link,Common Stock,,N,Pink No Information,,20.5,2018-08-31,20.51,2018-08-31,20.505,20.89,20.89,20.3,20.51,20.65,2018-08-29,613107,12543113.18,759,4137134.69,202201,393,,,956847,2010-11-30,20,20,22,20.5,OTC Link,20.51,2018-08-31,OTC Link,Active,48692992,2017-04-30
SMCI,2018-09-04,118059,667688,86800U104,SUPER MICRO COMPUTER INC,OTC Link,Common Stock,,N,Pink No Information,,20.45,2018-09-04,20.46,2018-09-04,20.455,20.3,20.6,19.8,20.45,20.51,2018-08-30,317135,6485841.979999998,549,2365218.03,115567,262,,,956847,2010-11-30,18,17,22,20.45,OTC Link,20.46,2018-09-04,OTC Link,Active,48692992,2017-04-30
SMCI,2018-09-05,118059,667688,86800U104,SUPER MICRO COMPUTER INC,OTC Link,Common Stock,,N,Pink No Information,,19.72,2018-09-05,19.74,2018-09-05,19.73,20.45,20.46,19.12,19.75,20.45,2018-09-03,298602,5928817.275,476,1724251.54,87122,208,,,956847,2010-11-30,19,17,22,19.72,OTC Link,19.74,2018-09-05,OTC Link,Active,48692992,2017-04-30
SMCI,2018-09-06,118059,667688,86800U104,SUPER MICRO COMPUTER INC,OTC Link,Common Stock,,N,Pink No Information,,20,2018-09-06,20.09,2018-09-06,20.045,19.96,20.24,19.7,20,19.75,2018-09-04,546299,10895584.378300002,439,2492893.08,125026,202,,,956847,2010-11-30,20,18,22,20,OTC Link,20.09,2018-09-06,OTC Link,Active,48692992,2017-04-30
SMCI,2018-09-07,118059,667688,86800U104,SUPER MICRO COMPUTER INC,OTC Link,Common Stock,,N,Pink No Information,,20.23,2018-09-07,20.24,2018-09-07,20.235,20.14,20.33,19.98,20.24,20,2018-09-05,794761,16016819.62000001,675,4333450.45,214778,368,,,956847,2010-11-30,20,18,22,20.23,OTC Link,20.24,2018-09-07,OTC Link,Active,48692992,2017-04-30
SMCI,2018-09-10,118059,667688,86800U104,SUPER MICRO COMPUTER INC,OTC Link,Common Stock,,N,Pink No Information,,20,2018-09-10,20.09,2018-09-10,20.045,20.3,20.3,19.95,20.025,20.24,2018-09-06,1019844,20465939.439999998,436,3804445.28,190128,235,,,956847,2010-11-30,21,19,22,20,OTC Link,20.09,2018-09-10,OTC Link,Active,48692992,2017-04-30
SMCI,2018-09-11,118059,667688,86800U104,SUPER MICRO COMPUTER INC,OTC Link,Common Stock,,N,Pink No Information,,19.75,2018-09-11,19.79,2018-09-11,19.77,20,20.1,19.73,19.77,20.025,2018-09-09,753219,14975159.639999999,391,4825350.75,242574,223,,,956847,2010-11-30,21,20,22,19.75,OTC Link,19.79,2018-09-11,OTC Link,Active,48692992,2017-04-30
SMCI,2018-09-12,118059,667688,86800U104,SUPER MICRO COMPUTER INC,OTC Link,Common Stock,,N,Pink No Information,,19.76,2018-09-12,19.8,2018-09-12,19.78,19.75,19.95,19.65,19.8,19.77,2018-09-10,113600,2246802.274,144,1003783.89,50756,80,,,956847,2010-11-30,20,19,22,19.76,OTC Link,19.8,2018-09-12,OTC Link,Active,48692992,2017-04-30
SMCI,2018-09-13,118059,667688,86800U104,SUPER MICRO COMPUTER INC,OTC Link,Common Stock,,N,Pink No Information,,20,2018-09-13,20.07,2018-09-13,20.035,19.75,20.15,19.71,20,19.8,2018-09-11,351887,7033809.474999999,343,2379088.18,119050,182,,,3288898,2018-08-31,20,19,22,20,OTC Link,20.07,2018-09-13,OTC Link,Active,48692992,2017-04-30
SMCI,2018-09-14,118059,667688,86800U104,SUPER MICRO COMPUTER INC,OTC Link,Common Stock,,N,Pink No Information,,20.1,2018-09-14,20.18,2018-09-14,20.14,20.063,20.25,20,20.1,20,2018-09-12,260982,5255543.8336,240,1239499.39,61503,108,,,3288898,2018-08-31,20,18,22,20.1,OTC Link,20.18,2018-09-14,OTC Link,Active,48692992,2017-04-30
SMCI,2018-09-17,118059,667688,86800U104,SUPER MICRO COMPUTER INC,OTC Link,Common Stock,,N,Pink No Information,,20.46,2018-09-17,20.48,2018-09-17,20.47,20.1,20.5,20.1,20.47,20.1,2018-09-13,273534,5561755.94,383,2871254.37,141325,252,,,3288898,2018-08-31,20,18,22,20.46,OTC Link,20.48,2018-09-17,OTC Link,Active,48692992,2017-04-30
SMCI,2018-09-18,118059,667688,86800U104,SUPER MICRO COMPUTER INC,OTC Link,Common Stock,,N,Pink No Information,,20.55,2018-09-18,20.56,2018-09-18,20.555,20.33,20.65,20.31,20.55,20.47,2018-09-16,336705,6907067.855,447,3686017.6,179708,292,,,3288898,2018-08-31,20,18,22,20.55,OTC Link,20.56,2018-09-18,OTC Link,Active,48692992,2017-04-30
SMCI,2018-09-19,118059,667688,86800U104,SUPER MICRO COMPUTER INC,OTC Link,Common Stock,,N,Pink No Information,,20.66,2018-09-19,20.67,2018-09-19,20.665,20.55,20.84,20.5,20.67,20.55,2018-09-17,83298,1723430.7075000003,204,967035.37,46783,105,,,3288898,2018-08-31,19,17,22,20.66,OTC Link,20.67,2018-09-19,OTC Link,Active,48692992,2017-04-30
SMCI,2018-09-20,118059,667688,86800U104,SUPER MICRO COMPUTER INC,OTC Link,Common Stock,,N,Pink No Information,,21.2,2018-09-20,21.21,2018-09-20,21.205,20.69,21.21,20.55,21.2,20.67,2018-09-18,400830,8367733.627399997,298,2684221.27,128017,153,,,3288898,2018-08-31,19,17,22,21.2,OTC Link,21.21,2018-09-20,OTC Link,Active,48692992,2017-04-30
SMCI,2018-09-21,118059,667688,86800U104,SUPER MICRO COMPUTER INC,OTC Link,Common Stock,,N,Pink No Information,,20.7,2018-09-21,20.8,2018-09-21,20.75,21.51,21.52,20.6,20.7,21.2,2018-09-19,218635,4624543.633099999,301,1552976.19,73554,183,,,3288898,2018-08-31,19,16,22,20.7,OTC Link,20.8,2018-09-21,OTC Link,Active,48692992,2017-04-30
SMCI,2018-09-24,118059,667688,86800U104,SUPER MICRO COMPUTER INC,OTC Link,Common Stock,,N,Pink No Information,,19.91,2018-09-24,19.95,2018-09-24,19.93,20.75,20.88,19.7,19.91,20.7,2018-09-20,306846,6232665.251,443,1904768.6,93916,220,,,3288898,2018-08-31,18,18,22,19.91,OTC Link,19.95,2018-09-24,OTC Link,Active,48692992,2017-04-30
SMCI,2018-09-25,118059,667688,86800U104,SUPER MICRO COMPUTER INC,OTC Link,Common Stock,,N,Pink No Information,,21.3,2018-09-25,21.32,2018-09-25,21.31,19.7,21.4,19.7,21.32,19.91,2018-09-23,286537,5936520.962299999,479,2765314.22,132816,266,,,3288898,2018-08-31,19,17,22,21.3,OTC Link,21.32,2018-09-25,OTC Link,Active,48692992,2017-04-30
SMCI,2018-09-26,118059,667688,86800U104,SUPER MICRO COMPUTER INC,OTC Link,Common Stock,,N,Pink No Information,,21,2018-09-26,21.04,2018-09-26,21.02,21.3,21.32,20.9,21,21.32,2018-09-24,301759,6343593.6450000005,352,3006572.9,142946,242,,,3288898,2018-08-31,19,17,22,21,OTC Link,21.04,2018-09-26,OTC Link,Active,48692992,2017-04-30
SMCI,2018-09-27,118059,667688,86800U104,SUPER MICRO COMPUTER INC,OTC Link,Common Stock,,N,Pink No Information,,20.55,2018-09-27,20.56,2018-09-27,20.555,21.05,21.1,20.35,20.56,21,2018-09-25,270519,5585007.979299999,275,2027769.38,98555,132,,,3288898,2018-08-31,19,17,22,20.55,OTC Link,20.56,2018-09-27,OTC Link,Active,48692992,2017-04-30
SMCI,2018-09-28,118059,667688,86800U104,SUPER MICRO COMPUTER INC,OTC Link,Common Stock,,N,Pink No Information,,20.6,2018-09-28,20.61,2018-09-28,20.605,20.55,20.61,20.36,20.61,20.56,2018-09-26,169450,3470200.2832999993,239,1395514.4,68218,144,,,3288898,2018-08-31,19,17,22,20.6,OTC Link,20.61,2018-09-28,OTC Link,Active,48692992,2017-04-30
SMCI,2018-10-01,118059,667688,86800U104,SUPER MICRO COMPUTER INC,OTC Link,Common Stock,,N,Pink No Information,,21.36,2018-10-01,21.5,2018-10-01,21.43,20.7,21.6,20.7,21.5,20.61,2018-09-27,120276,2554780.5312,290,1303720.06,61295,155,,,3288898,2018-08-31,19,17,22,21.36,OTC Link,21.5,2018-10-01,OTC Link,Active,48692992,2017-04-30
SMCI,2018-10-02,118059,667688,86800U104,SUPER MICRO COMPUTER INC,OTC Link,Common Stock,,N,Pink No Information,,21.4,2018-10-02,21.46,2018-10-02,21.43,21.36,21.55,21.36,21.46,21.5,2018-09-30,124439,2668926.2525,187,641448.28,29921,74,,,3288898,2018-08-31,18,17,22,21.4,OTC Link,21.46,2018-10-02,OTC Link,Active,48692992,2017-04-30
SMCI,2018-10-03,118059,667688,86800U104,SUPER MICRO COMPUTER INC,OTC Link,Common Stock,,N,Pink No Information,,21.35,2018-10-03,21.4,2018-10-03,21.375,21.45,21.5,21.35,21.4,21.46,2018-10-01,205783,4416619.89,174,715141.22,33317,72,,,3288898,2018-08-31,16,16,22,21.35,OTC Link,21.4,2018-10-03,OTC Link,Active,48692992,2017-04-30
SMCI,2018-10-04,118059,667688,86800U104,SUPER MICRO COMPUTER INC,OTC Link,Common Stock,,N,Pink No Information,,12.6,2018-10-04,12.55,2018-10-04,12.575,15.1575,15.16,8.5,12.6,21.4,2018-10-02,12560499,152960406.36810002,12456,68617459.615,5643112,7330,,,3288898,2018-08-31,21,20,22,12.6,OTC Link,12.55,2018-10-04,OTC Link,Active,48692992,2017-04-30
SMCI,2018-10-05,118059,667688,86800U104,SUPER MICRO COMPUTER INC,OTC Link,Common Stock,,N,Pink No Information,,12.39,2018-10-05,12.4,2018-10-05,12.395,12.99,13.4,10.8,12.395,12.6,2018-10-03,2857125,35431734.954399996,4686,16209698.41,1304536,2585,,,3288898,2018-08-31,20,20,22,12.39,OTC Link,12.4,2018-10-05,OTC Link,Active,48692992,2017-04-30
SMCI,2018-10-08,118059,667688,86800U104,SUPER MICRO COMPUTER INC,OTC Link,Common Stock,,N,Pink No Information,,14.67,2018-10-08,14.74,2018-10-08,14.705,13.1,15.18,13.05,14.7499,12.395,2018-10-04,2829829,39813528.87659999,3826,19038888.37,1350872,2374,,,3288898,2018-08-31,20,19,22,14.67,OTC Link,14.74,2018-10-08,OTC Link,Active,48692992,2017-04-30
SMCI,2018-10-09,118059,667688,86800U104,SUPER MICRO COMPUTER INC,OTC Link,Common Stock,,N,Pink No Information,,12.45,2018-10-09,12.49,2018-10-09,12.47,15.3,15.59,10.74,12.46,14.7499,2018-10-07,4984642,62499552.87777891,6641,25479200.81,2027129,3797,,,3288898,2018-08-31,21,20,22,12.45,OTC Link,12.49,2018-10-09,OTC Link,Active,48692992,2017-04-30
SMCI,2018-10-10,118059,667688,86800U104,SUPER MICRO COMPUTER INC,OTC Link,Common Stock,,N,Pink No Information,,12.75,2018-10-10,12.8,2018-10-10,12.775,12.93,12.95,12.15,12.8,12.46,2018-10-08,1407681,17760527.89450001,2211,8155140.02,646505,1399,,,2276856,2018-09-28,21,19,22,12.75,OTC Link,12.8,2018-10-10,OTC Link,Active,48692992,2017-04-30
SMCI,2018-10-11,118059,667688,86800U104,SUPER MICRO COMPUTER INC,OTC Link,Common Stock,,N,Pink No Information,,12.95,2018-10-11,13.08,2018-10-11,13.015,13.125,13.45,12.6,13.05,12.8,2018-10-09,579073,7554806.648000001,991,2502824.92,191877,407,,,2276856,2018-09-28,19,18,22,12.95,OTC Link,13.08,2018-10-11,OTC Link,Active,48692992,2017-04-30
SMCI,2018-10-12,118059,667688,86800U104,SUPER MICRO COMPUTER INC,OTC Link,Common Stock,,N,Pink No Information,,13.1,2018-10-12,13.11,2018-10-12,13.105,13.6,13.6,13.1,13.11,13.05,2018-10-10,522502,6967500.966000002,791,2449127.37,183783,403,,,2276856,2018-09-28,19,18,22,13.1,OTC Link,13.11,2018-10-12,OTC Link,Active,48692992,2017-04-30
SMCI,2018-10-15,118059,667688,86800U104,SUPER MICRO COMPUTER INC,OTC Link,Common Stock,,N,Pink No Information,,13.7,2018-10-15,13.76,2018-10-15,13.73,13.5,13.945,13.175,13.77,13.11,2018-10-11,465240,6241762.235999997,1055,3481114.4,259772,496,,,2276856,2018-09-28,20,19,22,13.7,OTC Link,13.76,2018-10-15,OTC Link,Active,48692992,2017-04-30
SMCI,2018-10-16,118059,667688,86800U104,SUPER MICRO COMPUTER INC,OTC Link,Common Stock,,N,Pink No Information,,13.3,2018-10-16,13.34,2018-10-16,13.32,13.85,14.15,13.24,13.34,13.77,2018-10-14,281205,3891361.8511999995,827,1545571.2,111880,398,,,2276856,2018-09-28,20,19,22,13.3,OTC Link,13.34,2018-10-16,OTC Link,Active,48692992,2017-04-30
SMCI,2018-10-17,118059,667688,86800U104,SUPER MICRO COMPUTER INC,OTC Link,Common Stock,,N,Pink No Information,,13.46,2018-10-17,13.55,2018-10-17,13.505,13.26,13.67,13.26,13.55,13.34,2018-10-15,289928,3889565.1875000033,569,1497484.21,111710,220,,,2276856,2018-09-28,21,20,22,13.46,OTC Link,13.55,2018-10-17,OTC Link,Active,48692992,2017-04-30
SMCI,2018-10-18,118059,667688,86800U104,SUPER MICRO COMPUTER INC,OTC Link,Common Stock,,N,Pink No Information,,13.37,2018-10-18,13.38,2018-10-18,13.375,13.26,13.59,13.25,13.375,13.55,2018-10-16,316454,4239433.635000003,479,1757942.44,131217,230,,,2276856,2018-09-28,21,20,22,13.37,OTC Link,13.38,2018-10-18,OTC Link,Active,48692992,2017-04-30
SMCI,2018-10-19,118059,667688,86800U104,SUPER MICRO COMPUTER INC,OTC Link,Common Stock,,N,Pink No Information,,14.01,2018-10-19,14.1,2018-10-19,14.055,13.4,14.31,13.3,14.1,13.375,2018-10-17,779068,10637726.195500003,1571,4415386.46,323017,868,,,2276856,2018-09-28,20,19,22,14.01,OTC Link,14.1,2018-10-19,OTC Link,Active,48692992,2017-04-30
SMCI,2018-10-22,118059,667688,86800U104,SUPER MICRO COMPUTER INC,OTC Link,Common Stock,,N,Pink No Information,,14.63,2018-10-22,14.7,2018-10-22,14.665,14.64,14.82,14.5,14.7,14.1,2018-10-18,548002,8047230.734000002,1086,3700931.37,252073,626,,,2276856,2018-09-28,20,18,22,14.63,OTC Link,14.7,2018-10-22,OTC Link,Active,48692992,2017-04-30
SMCI,2018-10-23,118059,667688,86800U104,SUPER MICRO COMPUTER INC,OTC Link,Common Stock,,N,Pink No Information,,14.65,2018-10-23,14.66,2018-10-23,14.655,14.69,14.75,13.85,14.65,14.7,2018-10-21,347327,4974674.4865,758,1924124.73,133328,411,,,2276856,2018-09-28,21,20,22,14.65,OTC Link,14.66,2018-10-23,OTC Link,Active,48692992,2017-04-30
SMCI,2018-10-24,118059,667688,86800U104,SUPER MICRO COMPUTER INC,OTC Link,Common Stock,,N,Pink No Information,,14.65,2018-10-24,14.7,2018-10-24,14.675,14.66,14.83,14.6,14.7,14.65,2018-10-22,312151,4589309.6605,821,2018705.49,137314,377,,,2276856,2018-09-28,21,19,22,14.65,OTC Link,14.7,2018-10-24,OTC Link,Active,48692992,2017-04-30
SMCI,2018-10-25,118059,667688,86800U104,SUPER MICRO COMPUTER INC,OTC Link,Common Stock,,N,Pink No Information,,14.75,2018-10-25,14.77,2018-10-25,14.76,14.79,14.81,14.25,14.76,14.7,2018-10-23,534749,7809040.7009999985,752,2435568.48,166939,346,,,2276856,2018-09-28,21,20,22,14.75,OTC Link,14.77,2018-10-25,OTC Link,Active,48692992,2017-04-30
SMCI,2018-10-26,118059,667688,86800U104,SUPER MICRO COMPUTER INC,OTC Link,Common Stock,,N,Pink No Information,,14.38,2018-10-26,14.4,2018-10-26,14.39,14.755,14.755,14.26,14.4,14.76,2018-10-24,774885,11196024.142500004,1547,5115527.21,354072,1033,,,2276856,2018-09-28,20,19,22,14.38,OTC Link,14.4,2018-10-26,OTC Link,Active,48692992,2017-04-30
SMCI,2018-10-29,118059,667688,86800U104,SUPER MICRO COMPUTER INC,OTC Link,Common Stock,,N,Pink No Information,,13.2,2018-10-29,13.3,2018-10-29,13.25,14.39,14.6,13.03,13.3,14.4,2018-10-25,296422,4041059.2480999995,603,1817667.17,133438,329,,,2276856,2018-09-28,20,19,22,13.2,OTC Link,13.3,2018-10-29,OTC Link,Active,48692992,2017-04-30
SMCI,2018-10-30,118059,667688,86800U104,SUPER MICRO COMPUTER INC,OTC Link,Common Stock,,N,Pink No Information,,13,2018-10-30,13.05,2018-10-30,13.025,13.12,13.35,12.88,13,13.3,2018-10-28,578917,7547075.8275999995,733,1642553.7,126139,466,,,2276856,2018-09-28,21,21,22,13,OTC Link,13.05,2018-10-30,OTC Link,Active,48692992,2017-04-30
SMCI,2018-10-31,118059,667688,86800U104,SUPER MICRO COMPUTER INC,OTC Link,Common Stock,,N,Pink No Information,,13.1,2018-10-31,13.18,2018-10-31,13.14,13,13.21,12.88,13.1,13,2018-10-29,409841,5333243.364999998,656,2802532.85,215055,358,,,1929720,2018-10-15,20,20,22,13.1,OTC Link,13.18,2018-10-31,OTC Link,Active,48692992,2017-04-30
SMCI,2018-11-01,118059,667688,86800U104,SUPER MICRO COMPUTER INC,OTC Link,Common Stock,,N,Pink No Information,,13.79,2018-11-01,13.8,2018-11-01,13.795,13.24,13.95,13.2,13.79,13.1,2018-10-30,361697,4925149.398,758,1576927.39,115754,453,,,1929720,2018-10-15,21,21,22,13.79,OTC Link,13.8,2018-11-01,OTC Link,Active,48692992,2017-04-30
SMCI,2018-11-02,118059,667688,86800U104,SUPER MICRO COMPUTER INC,OTC Link,Common Stock,,N,Pink No Information,,13.68,2018-11-02,13.75,2018-11-02,13.715,13.79,14.15,13.7,13.75,13.79,2018-10-31,272227,3771374.7664999994,616,1650402.62,118888,390,,,1929720,2018-10-15,21,19,22,13.68,OTC Link,13.75,2018-11-02,OTC Link,Active,48692992,2017-04-30
SMCI,2018-11-05,118059,667688,86800U104,SUPER MICRO COMPUTER INC,OTC Link,Common Stock,,N,Pink No Information,,12.36,2018-11-05,12.37,2018-11-05,12.365,13.62,13.85,11.95,12.36,13.75,2018-11-01,713928,8950343.787400005,1204,3551780.76,283825,608,,,1929720,2018-10-15,21,20,22,12.36,OTC Link,12.37,2018-11-05,OTC Link,Active,48692992,2017-04-30
SMCI,2018-11-06,118059,667688,86800U104,SUPER MICRO COMPUTER INC,OTC Link,Common Stock,,N,Pink No Information,,12.36,2018-11-06,12.37,2018-11-06,12.365,12.49,12.49,12.27,12.37,12.36,2018-11-04,155654,1924691.413,301,1037389.11,83903,170,,,1929720,2018-10-15,21,19,22,12.36,OTC Link,12.37,2018-11-06,OTC Link,Active,48692992,2017-04-30
SMCI,2018-11-07,118059,667688,86800U104,SUPER MICRO COMPUTER INC,OTC Link,Common Stock,,N,Pink No Information,,12.06,2018-11-07,12.07,2018-11-07,12.065,12.49,12.6,11.7,12.07,12.37,2018-11-05,283384,3439123.7874999987,410,1203867.47,98965,235,,,1929720,2018-10-15,21,20,22,12.06,OTC Link,12.07,2018-11-07,OTC Link,Active,48692992,2017-04-30
SMCI,2018-11-08,118059,667688,86800U104,SUPER MICRO COMPUTER INC,OTC Link,Common Stock,,N,Pink No Information,,11.55,2018-11-08,11.65,2018-11-08,11.6,12.19,12.19,11.2,11.65,12.07,2018-11-06,259495,2992043.7521,503,1516769.61,131079,284,,,1929720,2018-10-15,22,19,22,11.55,OTC Link,11.65,2018-11-08,OTC Link,Active,48692992,2017-04-30
SMCI,2018-11-09,118059,667688,86800U104,SUPER MICRO COMPUTER INC,OTC Link,Common Stock,,N,Pink No Information,,12.1,2018-11-09,12.16,2018-11-09,12.13,11.55,12.16,11.31,12.14,11.65,2018-11-07,617504,7122698.943999998,326,619805.24,53582,188,,,1929720,2018-10-15,21,19,22,12.1,OTC Link,12.16,2018-11-09,OTC Link,Active,48692992,2017-04-30
SMCI,2018-11-12,118059,667688,86800U104,SUPER MICRO COMPUTER INC,OTC Link,Common Stock,,N,Pink No Information,,11.65,2018-11-12,11.78,2018-11-12,11.715,12.17,12.2,11.3,11.78,12.14,2018-11-08,205925,2383866.0100000002,339,860533.31,74250,191,,,1929720,2018-10-15,20,19,22,11.65,OTC Link,11.78,2018-11-12,OTC Link,Active,48692992,2017-04-30
SMCI,2018-11-13,118059,667688,86800U104,SUPER MICRO COMPUTER INC,OTC Link,Common Stock,,N,Pink No Information,,11.73,2018-11-13,11.74,2018-11-13,11.735,11.78,12.4,11.6,11.74,11.78,2018-11-11,213069,2550464.282,425,1518196.65,127035,279,,,1929720,2018-10-15,20,20,22,11.73,OTC Link,11.74,2018-11-13,OTC Link,Active,48692992,2017-04-30
SMCI,2018-11-14,118059,667688,86800U104,SUPER MICRO COMPUTER INC,OTC Link,Common Stock,,N,Pink No Information,,12.05,2018-11-14,12.07,2018-11-14,12.06,11.55,12.18,11.55,12.05,11.74,2018-11-12,403693,4850049.733499999,526,1763935.18,146715,340,,,1929720,2018-10-15,20,19,22,12.05,OTC Link,12.07,2018-11-14,OTC Link,Active,48692992,2017-04-30
SMCI,2018-11-15,118059,667688,86800U104,SUPER MICRO COMPUTER INC,OTC Link,Common Stock,,N,Pink No Information,,12.4,2018-11-15,12.42,2018-11-15,12.41,12.05,12.75,12,12.42,12.05,2018-11-13,417372,5195955.7985,647,2550392.56,204742,438,,,1857722,2018-10-31,20,19,22,12.4,OTC Link,12.42,2018-11-15,OTC Link,Active,48692992,2017-04-30
SMCI,2018-11-16,118059,667688,86800U104,SUPER MICRO COMPUTER INC,OTC Link,Common Stock,,N,Pink No Information,,14.25,2018-11-16,14.3,2018-11-16,14.275,13.57,14.94,13.5,14.3,12.42,2018-11-14,2609537,36879960.76679401,2292,10416748.43,727601,1280,,,1857722,2018-10-31,20,19,22,14.25,OTC Link,14.3,2018-11-16,OTC Link,Active,48692992,2017-04-30
SMCI,2018-11-19,118059,667688,86800U104,SUPER MICRO COMPUTER INC,OTC Link,Common Stock,,N,Pink No Information,,13.69,2018-11-19,13.75,2018-11-19,13.72,14.3,14.4,13.56,13.75,14.3,2018-11-15,473890,6598581.6512,549,3099013.47,221920,308,,,1857722,2018-10-31,20,19,22,13.69,OTC Link,13.75,2018-11-19,OTC Link,Active,48692992,2017-04-30
SMCI,2018-11-20,118059,667688,86800U104,SUPER MICRO COMPUTER INC,OTC Link,Common Stock,,N,Pink No Information,,13.39,2018-11-20,13.4,2018-11-20,13.395,13.7,13.7,13.25,13.4,13.75,2018-11-18,177439,2386931.4775000005,296,699425.26,51935,142,,,1857722,2018-10-31,20,19,22,13.39,OTC Link,13.4,2018-11-20,OTC Link,Active,48692992,2017-04-30
SMCI,2018-11-21,118059,667688,86800U104,SUPER MICRO COMPUTER INC,OTC Link,Common Stock,,N,Pink No Information,,13.45,2018-11-21,13.51,2018-11-21,13.48,13.35,13.6,13.35,13.48,13.4,2018-11-19,261532,3530295.7999999993,502,1742218.22,129036,370,,,1857722,2018-10-31,20,18,22,13.45,OTC Link,13.51,2018-11-21,OTC Link,Active,48692992,2017-04-30
SMCI,2018-11-23,118059,667688,86800U104,SUPER MICRO COMPUTER INC,OTC Link,Common Stock,,N,Pink No Information,,13.87,2018-11-23,13.98,2018-11-23,13.925,13.41,14.05,13.4,13.98,13.48,2018-11-20,27422,380850.53,91,286656.46,20638,62,,,1857722,2018-10-31,21,19,22,13.87,OTC Link,13.98,2018-11-23,OTC Link,Active,48692992,2017-04-30
SMCI,2018-11-26,118059,667688,86800U104,SUPER MICRO COMPUTER INC,OTC Link,Common Stock,,N,Pink No Information,,13.5,2018-11-26,13.55,2018-11-26,13.525,13.925,14,13.43,13.52,13.98,2018-11-22,179190,2447440.9409,301,961827.37,70563,174,,,1857722,2018-10-31,20,19,22,13.5,OTC Link,13.55,2018-11-26,OTC Link,Active,48692992,2017-04-30
SMCI,2018-11-27,118059,667688,86800U104,SUPER MICRO COMPUTER INC,OTC Link,Common Stock,,N,Pink No Information,,13.89,2018-11-27,13.95,2018-11-27,13.92,13.5,13.92,13.41,13.9,13.52,2018-11-25,133591,1841268.2461,345,807435.45,58676,215,,,1857722,2018-10-31,21,19,22,13.89,OTC Link,13.95,2018-11-27,OTC Link,Active,48692992,2017-04-30
SMCI,2018-11-28,118059,667688,86800U104,SUPER MICRO COMPUTER INC,OTC Link,Common Stock,,N,Pink No Information,,14.05,2018-11-28,14.1,2018-11-28,14.075,13.9,14.23,13.6,14.05,13.9,2018-11-26,336343,4692841.3566000005,645,1482040.15,106324,341,,,1857722,2018-10-31,21,19,22,14.05,OTC Link,14.1,2018-11-28,OTC Link,Active,48692992,2017-04-30
SMCI,2018-11-29,118059,667688,86800U104,SUPER MICRO COMPUTER INC,OTC Link,Common Stock,,N,Pink No Information,,14.4,2018-11-29,14.5,2018-11-29,14.45,14.18,14.5,14,14.5,14.05,2018-11-27,129368,1854978.1745000002,415,457111.05,31953,133,,,1857722,2018-10-31,20,19,22,14.4,OTC Link,14.5,2018-11-29,OTC Link,Active,48692992,2017-04-30
SMCI,2018-11-30,118059,667688,86800U104,SUPER MICRO COMPUTER INC,OTC Link,Common Stock,,N,Pink No Information,,14.9,2018-11-30,14.93,2018-11-30,14.915,14.5,14.98,14.5,14.9,14.5,2018-11-28,229825,3384891.8655870017,884,1410492.69,95747,517,,,1857722,2018-10-31,21,19,22,14.9,OTC Link,14.93,2018-11-30,OTC Link,Active,48692992,2017-04-30
SMCI,2018-12-03,118059,667688,86800U104,SUPER MICRO COMPUTER INC,OTC Link,Common Stock,,N,Pink No Information,,14.95,2018-12-03,15,2018-12-03,14.975,14.77,15,14.75,14.95,14.9,2018-11-29,343911,5114246.732387998,1006,1859865.08,124977,533,,,1916842,2018-11-15,20,19,22,14.95,OTC Link,15,2018-12-03,OTC Link,Active,48692992,2017-04-30
SMCI,2018-12-04,118059,667688,86800U104,SUPER MICRO COMPUTER INC,OTC Link,Common Stock,,N,Pink No Information,,14.75,2018-12-04,14.79,2018-12-04,14.77,15,15.13,14.51,14.79,14.95,2018-12-02,160990,2406711.0774,260,775938.4,52050,118,,,1916842,2018-11-15,19,17,22,14.75,OTC Link,14.79,2018-12-04,OTC Link,Active,48692992,2017-04-30
SMCI,2018-12-06,118059,667688,86800U104,SUPER MICRO COMPUTER INC,OTC Link,Common Stock,,N,Pink No Information,,15.85,2018-12-06,15.91,2018-12-06,15.88,14.6,16.38,14.5,15.9,14.79,2018-12-03,521181,8049144.474200004,845,3358208.06,216524,539,,,1916842,2018-11-15,19,16,22,15.85,OTC Link,15.91,2018-12-06,OTC Link,Active,48692992,2017-04-30
SMCI,2018-12-07,118059,667688,86800U104,SUPER MICRO COMPUTER INC,OTC Link,Common Stock,,N,Pink No Information,,16.25,2018-12-07,16.26,2018-12-07,16.255,15.9,16.47,15.75,16.25,15.9,2018-12-05,464225,7537775.9162,502,2607325.4,160723,256,,,1916842,2018-11-15,19,17,22,16.25,OTC Link,16.26,2018-12-07,OTC Link,Active,48692992,2017-04-30
SMCI,2018-12-10,118059,667688,86800U104,SUPER MICRO COMPUTER INC,OTC Link,Common Stock,,N,Pink No Information,,16.34,2018-12-10,16.35,2018-12-10,16.345,16.21,16.56,15.49,16.35,16.25,2018-12-06,268318,4308236.2124999985,493,2172751.6,135282,330,,,1916842,2018-11-15,19,18,22,16.34,OTC Link,16.35,2018-12-10,OTC Link,Active,48692992,2017-04-30
SMCI,2018-12-11,118059,667688,86800U104,SUPER MICRO COMPUTER INC,OTC Link,Common Stock,,N,Pink No Information,,16.3,2018-12-11,16.51,2018-12-11,16.405,16.505,16.59,16.05,16.5,16.35,2018-12-09,364065,5971327.5947,491,1999205.48,121646,244,,,1916842,2018-11-15,19,17,22,16.3,OTC Link,16.51,2018-12-11,OTC Link,Active,48692992,2017-04-30
SMCI,2018-12-12,118059,667688,86800U104,SUPER MICRO COMPUTER INC,OTC Link,Common Stock,,N,Pink No Information,,16,2018-12-12,16.02,2018-12-12,16.01,16.3,16.53,15.7,16,16.5,2018-12-10,247082,4030692.0475000003,421,1314467.21,80671,225,,,1916842,2018-11-15,19,16,22,16,OTC Link,16.02,2018-12-12,OTC Link,Active,48692992,2017-04-30
SMCI,2018-12-13,118059,667688,86800U104,SUPER MICRO COMPUTER INC,OTC Link,Common Stock,,N,Pink No Information,,16.2,2018-12-13,16.25,2018-12-13,16.225,15.75,16.4,15.75,16.3,16,2018-12-11,80282,1290770.0513,156,229566.19,14264,72,,,1916842,2018-11-15,19,17,22,16.2,OTC Link,16.25,2018-12-13,OTC Link,Active,48692992,2017-04-30
SMCI,2018-12-14,118059,667688,86800U104,SUPER MICRO COMPUTER INC,OTC Link,Common Stock,,N,Pink No Information,,16.6,2018-12-14,16.65,2018-12-14,16.625,16.3,16.74,16.2,16.65,16.3,2018-12-12,313669,5200637.0937,477,1563591.65,94336,297,,,1916842,2018-11-15,20,18,22,16.6,OTC Link,16.65,2018-12-14,OTC Link,Active,48692992,2017-04-30
SMCI,2018-12-17,118059,667688,86800U104,SUPER MICRO COMPUTER INC,OTC Link,Common Stock,,N,Pink No Information,,15.34,2018-12-17,15.35,2018-12-17,15.345,16.625,17,14.7701,15.35,16.65,2018-12-13,301244,4729478.303799999,704,2071859.95,130488,412,,,1916842,2018-11-15,19,16,22,15.34,OTC Link,15.35,2018-12-17,OTC Link,Active,48692992,2017-04-30
SMCI,2018-12-18,118059,667688,86800U104,SUPER MICRO COMPUTER INC,OTC Link,Common Stock,,N,Pink No Information,,15.05,2018-12-18,15.3,2018-12-18,15.175,15.34,15.4799,15,15.05,15.35,2018-12-16,144109,2180192.8374,250,752147.94,49630,119,,,1916842,2018-11-15,19,16,22,15.05,OTC Link,15.3,2018-12-18,OTC Link,Active,48692992,2017-04-30
SMCI,2018-12-19,118059,667688,86800U104,SUPER MICRO COMPUTER INC,OTC Link,Common Stock,,N,Pink No Information,,14.9,2018-12-19,15,2018-12-19,14.95,15.2,15.2,14.65,14.9,15.05,2018-12-17,364566,5428089.125399998,280,745666.64,49989,115,,,1916842,2018-11-15,19,16,22,14.9,OTC Link,15,2018-12-19,OTC Link,Active,48692992,2017-04-30
SMCI,2018-12-20,118059,667688,86800U104,SUPER MICRO COMPUTER INC,OTC Link,Common Stock,,N,Pink No Information,,14.82,2018-12-20,14.85,2018-12-20,14.835,14.7,14.9,14.25,14.9,14.9,2018-12-18,233402,3396518.85,320,1014823.96,70034,198,,,1916842,2018-11-15,20,17,22,14.82,OTC Link,14.85,2018-12-20,OTC Link,Active,48692992,2017-04-30
SMCI,2018-12-21,118059,667688,86800U104,SUPER MICRO COMPUTER INC,OTC Link,Common Stock,,N,Pink No Information,,14.01,2018-12-21,14.02,2018-12-21,14.015,14.41,15.35,13.8,14.01,14.9,2018-12-19,420652,6146195.391,417,969633.94,67786,233,,,1916842,2018-11-15,19,17,22,14.01,OTC Link,14.02,2018-12-21,OTC Link,Active,48692992,2017-04-30
SMCI,2018-12-24,118059,667688,86800U104,SUPER MICRO COMPUTER INC,OTC Link,Common Stock,,N,Pink No Information,,14.02,2018-12-24,14.07,2018-12-24,14.045,14.03,14.21,13.73,14.08,14.01,2018-12-20,165946,2320521.3432360003,277,1340130.34,95749,197,,,1916842,2018-11-15,19,17,22,14.02,OTC Link,14.07,2018-12-24,OTC Link,Active,48692992,2017-04-30
SMCI,2018-12-26,118059,667688,86800U104,SUPER MICRO COMPUTER INC,OTC Link,Common Stock,,N,Pink No Information,,14.15,2018-12-26,14.17,2018-12-26,14.16,14.19,14.2455,13.8801,14.06,14.08,2018-12-23,187235,2642337.4051,270,973475.17,68875,152,,,1916842,2018-11-15,19,17,22,14.15,OTC Link,14.17,2018-12-26,OTC Link,Active,48692992,2017-04-30
SMCI,2018-12-27,118059,667688,86800U104,SUPER MICRO COMPUTER INC,OTC Link,Common Stock,,N,Pink No Information,,13.95,2018-12-27,13.98,2018-12-27,13.965,14.06,14.19,13.88,13.98,14.06,2018-12-25,109163,1522470.1275,162,677855.82,48515,76,,,1916842,2018-11-15,19,18,22,13.95,OTC Link,13.98,2018-12-27,OTC Link,Active,48692992,2017-04-30
SMCI,2018-12-28,118059,667688,86800U104,SUPER MICRO COMPUTER INC,OTC Link,Common Stock,,N,Pink No Information,,13.9,2018-12-28,13.92,2018-12-28,13.91,14.005,14.2,13.9,13.9,13.98,2018-12-26,358004,5011491.903799998,460,2267399.5,161826,337,,,1916842,2018-11-15,19,17,22,13.9,OTC Link,13.92,2018-12-28,OTC Link,Active,48692992,2017-04-30
SMCI,2018-12-31,118059,667688,86800U104,SUPER MICRO COMPUTER INC,OTC Link,Common Stock,,N,Pink No Information,,13.8,2018-12-31,13.93,2018-12-31,13.865,13.9,14.05,13.5,13.8,13.9,2018-12-27,434187,6027727.283299999,409,2390289.23,171857,254,,,1916842,2018-11-15,20,18,22,13.8,OTC Link,13.93,2018-12-31,OTC Link,Active,48692992,2017-04-30
SMCI,2019-01-02,118059,667688,86800U104,SUPER MICRO COMPUTER INC,OTC Link,Common Stock,,N,Pink No Information,,15.09,2019-01-02,15.1,2019-01-02,15.095,13.79,15.22,13.79,15.1,13.8,2018-12-30,232625,3421574.1095999996,536,1767083.62,119530,290,,,1916842,2018-11-15,19,18,22,15.09,OTC Link,15.1,2019-01-02,OTC Link,Active,48692992,2017-04-30
SMCI,2019-01-03,118059,667688,86800U104,SUPER MICRO COMPUTER INC,OTC Link,Common Stock,,N,Pink No Information,,15.66,2019-01-03,15.7,2019-01-03,15.68,15.09,15.79,14.5,15.7,15.1,2019-01-01,321717,4942200.602499999,607,2721175.31,177193,334,,,1916842,2018-11-15,19,18,22,15.66,OTC Link,15.7,2019-01-03,OTC Link,Active,48692992,2017-04-30
SMCI,2019-01-04,118059,667688,86800U104,SUPER MICRO COMPUTER INC,OTC Link,Common Stock,,N,Pink No Information,,15.56,2019-01-04,15.6,2019-01-04,15.58,15.55,15.85,15.25,15.56,15.7,2019-01-02,159530,2496212.199,350,778825.62,49816,184,,,1916842,2018-11-15,19,17,22,15.56,OTC Link,15.6,2019-01-04,OTC Link,Active,48692992,2017-04-30
SMCI,2019-01-07,118059,667688,86800U104,SUPER MICRO COMPUTER INC,OTC Link,Common Stock,,N,Pink No Information,,15.7,2019-01-07,15.71,2019-01-07,15.705,15.4,15.8,15.25,15.7,15.56,2019-01-03,307833,4842785.6933,348,3326375.65,211371,279,,,1916842,2018-11-15,19,18,22,15.7,OTC Link,15.71,2019-01-07,OTC Link,Active,48692992,2017-04-30
SMCI,2019-01-08,118059,667688,86800U104,SUPER MICRO COMPUTER INC,OTC Link,Common Stock,,N,Pink No Information,,15.52,2019-01-08,15.6,2019-01-08,15.56,15.8,15.85,15.52,15.6,15.7,2019-01-06,165077,2598522.5500000003,238,703066.38,44685,143,,,1916842,2018-11-15,21,19,22,15.52,OTC Link,15.6,2019-01-08,OTC Link,Active,48692992,2017-04-30
SMCI,2019-01-09,118059,667688,86800U104,SUPER MICRO COMPUTER INC,OTC Link,Common Stock,,N,Pink No Information,,15.52,2019-01-09,15.55,2019-01-09,15.535,15.7,15.7,15.52,15.5275,15.6,2019-01-07,16206,253384.0477,54,123106.32,7876,23,,,1916842,2018-11-15,20,18,22,15.52,OTC Link,15.55,2019-01-09,OTC Link,Active,48692992,2017-04-30
SMCI,2019-01-10,118059,667688,86800U104,SUPER MICRO COMPUTER INC,OTC Link,Common Stock,,N,Pink No Information,,15.4,2019-01-10,15.53,2019-01-10,15.465,15.52,15.55,15,15.53,15.5275,2019-01-08,29751,459463.8961,89,205371.85,13314,37,,,1332832,2018-12-14,20,19,22,15.4,OTC Link,15.53,2019-01-10,OTC Link,Active,48692992,2017-04-30
SMCI,2019-01-11,118059,667688,86800U104,SUPER MICRO COMPUTER INC,OTC Link,Common Stock,,N,Pink No Information,,15.03,2019-01-11,15.1,2019-01-11,15.065,15.465,15.53,14.86,15.03,15.53,2019-01-09,94587,1441212.8640000003,220,495796.2,32492,85,,,1332832,2018-12-14,19,18,22,15.03,OTC Link,15.1,2019-01-11,OTC Link,Active,48692992,2017-04-30
SMCI,2019-01-14,118059,667688,86800U104,SUPER MICRO COMPUTER INC,OTC Link,Common Stock,,N,Pink No Information,,15.33,2019-01-14,15.34,2019-01-14,15.335,15.2,15.34,14.4101,15.34,15.03,2019-01-10,209994,3122313.46,146,841872.34,56363,80,,,1332832,2018-12-14,19,18,22,15.33,OTC Link,15.34,2019-01-14,OTC Link,Active,48692992,2017-04-30
SMCI,2019-01-15,118059,667688,86800U104,SUPER MICRO COMPUTER INC,OTC Link,Common Stock,,N,Pink No Information,,15.05,2019-01-15,15.1,2019-01-15,15.075,15.4,15.4,15.1,15.1,15.34,2019-01-13,85856,1307153.3245000003,188,381691.42,25106,61,,,1332832,2018-12-14,20,19,22,15.05,OTC Link,15.1,2019-01-15,OTC Link,Active,48692992,2017-04-30
SMCI,2019-01-16,118059,667688,86800U104,SUPER MICRO COMPUTER INC,OTC Link,Common Stock,,N,Pink No Information,,14.94,2019-01-16,14.97,2019-01-16,14.955,15.05,15.13,14.9,14.95,15.1,2019-01-14,322125,4819566.659999999,123,150955.07,10068,40,,,1332832,2018-12-14,19,18,22,14.94,OTC Link,14.97,2019-01-16,OTC Link,Active,48692992,2017-04-30
SMCI,2019-01-17,118059,667688,86800U104,SUPER MICRO COMPUTER INC,OTC Link,Common Stock,,N,Pink No Information,,14.8,2019-01-17,14.9,2019-01-17,14.85,14.94,14.99,14.5,14.8,14.95,2019-01-15,282569,4196530.795,153,400647.76,26993,58,,,1332832,2018-12-14,19,17,22,14.8,OTC Link,14.9,2019-01-17,OTC Link,Active,48692992,2017-04-30
SMCI,2019-01-18,118059,667688,86800U104,SUPER MICRO COMPUTER INC,OTC Link,Common Stock,,N,Pink No Information,,14.96,2019-01-18,15,2019-01-18,14.98,14.75,15.05,14.7,15,14.8,2019-01-16,136670,2040940.5298,249,746970.93,49936,153,,,1332832,2018-12-14,20,18,22,14.96,OTC Link,15,2019-01-18,OTC Link,Active,48692992,2017-04-30
SMCI,2019-01-22,118059,667688,86800U104,SUPER MICRO COMPUTER INC,OTC Link,Common Stock,,N,Pink No Information,,14.67,2019-01-22,14.72,2019-01-22,14.695,14.5,14.95,14.5,14.72,15,2019-01-17,174419,2583553.9044999997,248,1168296.84,78805,163,,,1332832,2018-12-14,20,19,22,14.67,OTC Link,14.72,2019-01-22,OTC Link,Active,48692992,2017-04-30
SMCI,2019-01-23,118059,667688,86800U104,SUPER MICRO COMPUTER INC,OTC Link,Common Stock,,N,Pink No Information,,14.86,2019-01-23,14.9,2019-01-23,14.88,14.67,15,14.67,14.9,14.72,2019-01-21,308129,4598364.1799,143,1751301.15,117198,83,,,1332832,2018-12-14,20,18,22,14.86,OTC Link,14.9,2019-01-23,OTC Link,Active,48692992,2017-04-30
SMCI,2019-01-24,118059,667688,86800U104,SUPER MICRO COMPUTER INC,OTC Link,Common Stock,,N,Pink No Information,,14.91,2019-01-24,14.99,2019-01-24,14.95,14.95,15.05,14.9,14.98,14.9,2019-01-22,218495,3266685.2207,180,932572.53,62246,108,,,1332832,2018-12-14,20,19,22,14.91,OTC Link,14.99,2019-01-24,OTC Link,Active,48692992,2017-04-30
SMCI,2019-01-25,118059,667688,86800U104,SUPER MICRO COMPUTER INC,OTC Link,Common Stock,,N,Pink No Information,,14.94,2019-01-25,14.95,2019-01-25,14.945,15,15.12,14.95,14.95,14.98,2019-01-23,266124,3992916.0518,349,1995310.61,133067,274,,,1332832,2018-12-14,20,18,22,14.94,OTC Link,14.95,2019-01-25,OTC Link,Active,48692992,2017-04-30
SMCI,2019-01-28,118059,667688,86800U104,SUPER MICRO COMPUTER INC,OTC Link,Common Stock,,N,Pink No Information,,14.8,2019-01-28,14.85,2019-01-28,14.825,15,15,14.75,14.75,14.95,2019-01-24,102854,1525736.1412999996,157,737997.54,49693,94,,,1332832,2018-12-14,18,17,22,14.8,OTC Link,14.85,2019-01-28,OTC Link,Active,48692992,2017-04-30
SMCI,2019-01-29,118059,667688,86800U104,SUPER MICRO COMPUTER INC,OTC Link,Common Stock,,N,Pink No Information,,14.84,2019-01-29,14.95,2019-01-29,14.895,14.75,14.95,14.71,14.95,14.75,2019-01-27,98573,1466450.5489999999,123,939177.4,63107,90,,,1332832,2018-12-14,19,17,22,14.84,OTC Link,14.95,2019-01-29,OTC Link,Active,48692992,2017-04-30
SMCI,2019-01-30,118059,667688,86800U104,SUPER MICRO COMPUTER INC,OTC Link,Common Stock,,N,Pink No Information,,15.06,2019-01-30,15.1,2019-01-30,15.08,14.95,15.0701,14.86,15.0701,14.95,2019-01-28,65177,978835.0349999999,132,445487.87,29685,68,,,1332832,2018-12-14,19,17,22,15.06,OTC Link,15.1,2019-01-30,OTC Link,Active,48692992,2017-04-30
SMCI,2019-01-31,118059,667688,86800U104,SUPER MICRO COMPUTER INC,OTC Link,Common Stock,,N,Pink No Information,,15.09,2019-01-31,15.1,2019-01-31,15.095,15,15.14,14.84,15.1,15.0701,2019-01-29,117186,1764085.6433,185,630991.02,41856,93,,,1402220,2019-01-15,20,17,22,15.09,OTC Link,15.1,2019-01-31,OTC Link,Active,48692992,2017-04-30
SMCI,2019-02-01,118059,667688,86800U104,SUPER MICRO COMPUTER INC,OTC Link,Common Stock,,N,Pink No Information,,15.25,2019-02-01,15.27,2019-02-01,15.26,15.09,15.49,15.09,15.26,15.1,2019-01-30,64550,984771.8099999999,102,131746.98,8636,45,,,1402220,2019-01-15,18,16,22,15.25,OTC Link,15.27,2019-02-01,OTC Link,Active,48692992,2017-04-30
SMCI,2019-02-04,118059,667688,86800U104,SUPER MICRO COMPUTER INC,OTC Link,Common Stock,,N,Pink No Information,,15.3,2019-02-04,15.5,2019-02-04,15.4,15.25,15.5,15.15,15.3,15.26,2019-01-31,46263,708331.4234999999,105,194734.79,12710,44,,,1402220,2019-01-15,20,17,22,15.3,OTC Link,15.5,2019-02-04,OTC Link,Active,48692992,2017-04-30
SMCI,2019-02-05,118059,667688,86800U104,SUPER MICRO COMPUTER INC,OTC Link,Common Stock,,N,Pink No Information,,15.6,2019-02-05,15.74,2019-02-05,15.67,15.35,15.74,15.35,15.74,15.3,2019-02-03,265373,4097065.735000001,648,1102271.2,71398,338,,,1402220,2019-01-15,20,18,22,15.6,OTC Link,15.74,2019-02-05,OTC Link,Active,48692992,2017-04-30
SMCI,2019-02-06,118059,667688,86800U104,SUPER MICRO COMPUTER INC,OTC Link,Common Stock,,N,Pink No Information,,15.66,2019-02-06,15.7,2019-02-06,15.68,15.6,15.88,15.5,15.66,15.74,2019-02-04,82787,1298676.6549999998,146,355968.2,22690,66,,,1402220,2019-01-15,19,17,22,15.66,OTC Link,15.7,2019-02-06,OTC Link,Active,48692992,2017-04-30
SMCI,2019-02-07,118059,667688,86800U104,SUPER MICRO COMPUTER INC,OTC Link,Common Stock,,N,Pink No Information,,15.25,2019-02-07,15.39,2019-02-07,15.32,15.55,15.55,15.24,15.35,15.66,2019-02-05,30214,464660.7717,84,216215.74,14042,41,,,1402220,2019-01-15,18,16,22,15.25,OTC Link,15.39,2019-02-07,OTC Link,Active,48692992,2017-04-30
SMCI,2019-02-08,118059,667688,86800U104,SUPER MICRO COMPUTER INC,OTC Link,Common Stock,,N,Pink No Information,,15.31,2019-02-08,15.4,2019-02-08,15.355,15.21,15.4,15.15,15.4,15.35,2019-02-06,176282,2679189.2308,119,261798.26,17186,47,,,1402220,2019-01-15,19,16,22,15.31,OTC Link,15.4,2019-02-08,OTC Link,Active,48692992,2017-04-30
SMCI,2019-02-11,118059,667688,86800U104,SUPER MICRO COMPUTER INC,OTC Link,Common Stock,,N,Pink No Information,,15.45,2019-02-11,15.49,2019-02-11,15.47,15.31,15.45,15.25,15.45,15.4,2019-02-07,58959,906419.6,112,320772.96,20871,49,,,1402220,2019-01-15,19,16,22,15.45,OTC Link,15.49,2019-02-11,OTC Link,Active,48692992,2017-04-30
SMCI,2019-02-12,118059,667688,86800U104,SUPER MICRO COMPUTER INC,OTC Link,Common Stock,,N,Pink No Information,,16.19,2019-02-12,16.2,2019-02-12,16.195,15.49,16.2,15.49,16.2,15.45,2019-02-10,162869,2604761.5577000002,260,1460173.38,91323,168,,,1402220,2019-01-15,19,16,22,16.19,OTC Link,16.2,2019-02-12,OTC Link,Active,48692992,2017-04-30
SMCI,2019-02-13,118059,667688,86800U104,SUPER MICRO COMPUTER INC,OTC Link,Common Stock,,N,Pink No Information,,16.16,2019-02-13,16.35,2019-02-13,16.255,16.2,16.35,16.115,16.35,16.2,2019-02-11,89727,1458970.4109999998,140,620423.95,38182,64,,,1402220,2019-01-15,19,16,22,16.16,OTC Link,16.35,2019-02-13,OTC Link,Active,48692992,2017-04-30
SMCI,2019-02-14,118059,667688,86800U104,SUPER MICRO COMPUTER INC,OTC Link,Common Stock,,N,Pink No Information,,16.1,2019-02-14,16.15,2019-02-14,16.125,16.24,16.4,16.15,16.15,16.35,2019-02-12,92076,1500780.1533000001,174,587280.84,36044,76,,,1402220,2019-01-15,19,16,22,16.1,OTC Link,16.15,2019-02-14,OTC Link,Active,48692992,2017-04-30
SMCI,2019-02-15,118059,667688,86800U104,SUPER MICRO COMPUTER INC,OTC Link,Common Stock,,N,Pink No Information,,19.75,2019-02-15,19.8,2019-02-15,19.775,17.1,19.95,17.1,19.76,16.15,2019-02-13,992075,19009736.336000007,1370,5221089.07,273213,763,,,1402220,2019-01-15,19,18,22,19.75,OTC Link,19.8,2019-02-15,OTC Link,Active,48692992,2017-04-30
SMCI,2019-02-19,118059,667688,86800U104,SUPER MICRO COMPUTER INC,OTC Link,Common Stock,,N,Pink No Information,,19.85,2019-02-19,19.97,2019-02-19,19.91,19.61,20.48,19.61,19.97,19.76,2019-02-14,493779,9916041.044199996,726,3659515.86,182211,456,,,1402220,2019-01-15,19,18,22,19.85,OTC Link,19.97,2019-02-19,OTC Link,Active,48692992,2017-04-30
SMCI,2019-02-20,118059,667688,86800U104,SUPER MICRO COMPUTER INC,OTC Link,Common Stock,,N,Pink No Information,,19.19,2019-02-20,19.2,2019-02-20,19.195,19.895,19.9,19.01,19.2,19.97,2019-02-18,162923,3153080.37,258,1253214.47,64755,136,,,1402220,2019-01-15,20,19,22,19.19,OTC Link,19.2,2019-02-20,OTC Link,Active,48692992,2017-04-30
SMCI,2019-02-21,118059,667688,86800U104,SUPER MICRO COMPUTER INC,OTC Link,Common Stock,,N,Pink No Information,,19.33,2019-02-21,19.35,2019-02-21,19.34,19.03,19.5,19.02,19.33,19.2,2019-02-19,158318,3066276.216,293,1657887.81,85517,181,,,1402220,2019-01-15,20,18,22,19.33,OTC Link,19.35,2019-02-21,OTC Link,Active,48692992,2017-04-30
SMCI,2019-02-22,118059,667688,86800U104,SUPER MICRO COMPUTER INC,OTC Link,Common Stock,,N,Pink No Information,,19.69,2019-02-22,19.74,2019-02-22,19.715,19.23,19.74,19.23,19.74,19.33,2019-02-20,152547,2980335.0995,256,1224668.76,62705,142,,,1402220,2019-01-15,20,19,22,19.69,OTC Link,19.74,2019-02-22,OTC Link,Active,48692992,2017-04-30
SMCI,2019-02-25,118059,667688,86800U104,SUPER MICRO COMPUTER INC,OTC Link,Common Stock,,N,Pink No Information,,19.55,2019-02-25,19.67,2019-02-25,19.61,19.74,19.74,19.22,19.67,19.74,2019-02-21,109430,2139179.8992999997,310,1367740.72,69995,214,,,1402220,2019-01-15,20,19,22,19.55,OTC Link,19.67,2019-02-25,OTC Link,Active,48692992,2017-04-30
SMCI,2019-02-26,118059,667688,86800U104,SUPER MICRO COMPUTER INC,OTC Link,Common Stock,,N,Pink No Information,,19.36,2019-02-26,19.39,2019-02-26,19.375,19.67,19.74,19.35,19.39,19.67,2019-02-24,19798,385730.425,76,157726.41,8098,24,,,1402220,2019-01-15,19,18,22,19.36,OTC Link,19.39,2019-02-26,OTC Link,Active,48692992,2017-04-30
SMCI,2019-02-27,118059,667688,86800U104,SUPER MICRO COMPUTER INC,OTC Link,Common Stock,,N,Pink No Information,,19.1,2019-02-27,19.15,2019-02-27,19.125,19.26,19.45,18.95,19.1,19.39,2019-02-25,105341,2029495.9951000013,254,789813.13,41102,124,,,1402220,2019-01-15,19,18,22,19.1,OTC Link,19.15,2019-02-27,OTC Link,Active,48692992,2017-04-30
SMCI,2019-02-28,118059,667688,86800U104,SUPER MICRO COMPUTER INC,OTC Link,Common Stock,,N,Pink No Information,,19.1,2019-02-28,19.12,2019-02-28,19.11,19.1,19.35,18.88,19.12,19.1,2019-02-26,168068,3201243.93,226,1185581.7,62146,144,,,661775,2019-02-15,20,19,22,19.1,OTC Link,19.12,2019-02-28,OTC Link,Active,48692992,2017-04-30
SMCI,2019-03-01,118059,667688,86800U104,SUPER MICRO COMPUTER INC,OTC Link,Common Stock,,N,Pink No Information,,19.49,2019-03-01,19.55,2019-03-01,19.52,19.2,19.6,19.11,19.55,19.12,2019-02-27,203438,3924724.4100000006,410,2763740.21,143200,308,,,661775,2019-02-15,19,18,22,19.49,OTC Link,19.55,2019-03-01,OTC Link,Active,48692992,2017-04-30
SMCI,2019-03-04,118059,667688,86800U104,SUPER MICRO COMPUTER INC,OTC Link,Common Stock,,N,Pink No Information,,19.2,2019-03-04,19.75,2019-03-04,19.475,19.2,19.55,19.2,19.55,19.55,2019-02-28,67813,1313107.45,178,485137.5,25035,66,,,661775,2019-02-15,19,17,22,19.2,OTC Link,19.75,2019-03-04,OTC Link,Active,48692992,2017-04-30
SMCI,2019-03-05,118059,667688,86800U104,SUPER MICRO COMPUTER INC,OTC Link,Common Stock,,N,Pink No Information,,19.55,2019-03-05,19.75,2019-03-05,19.65,19.21,19.8,19.21,19.75,19.55,2019-03-03,48334,952541.3052000002,114,553668.92,28070,67,,,661775,2019-02-15,19,18,22,19.55,OTC Link,19.75,2019-03-05,OTC Link,Active,48692992,2017-04-30
SMCI,2019-03-06,118059,667688,86800U104,SUPER MICRO COMPUTER INC,OTC Link,Common Stock,,N,Pink No Information,,19.2,2019-03-06,19.21,2019-03-06,19.205,19.55,19.75,19.11,19.2,19.75,2019-03-04,79527,1534054.689,240,542756.59,28174,142,,,661775,2019-02-15,19,17,22,19.2,OTC Link,19.21,2019-03-06,OTC Link,Active,48692992,2017-04-30
SMCI,2019-03-07,118059,667688,86800U104,SUPER MICRO COMPUTER INC,OTC Link,Common Stock,,N,Pink No Information,,19.39,2019-03-07,19.47,2019-03-07,19.43,19.11,19.5,19.1,19.46,19.2,2019-03-05,72031,1394742.3985000001,139,682900.58,35280,74,,,661775,2019-02-15,19,17,22,19.39,OTC Link,19.47,2019-03-07,OTC Link,Active,48692992,2017-04-30
SMCI,2019-03-08,118059,667688,86800U104,SUPER MICRO COMPUTER INC,OTC Link,Common Stock,,N,Pink No Information,,19.45,2019-03-08,19.47,2019-03-08,19.46,19.46,19.49,19.3,19.45,19.46,2019-03-06,170374,3304890.9725000006,109,961493,49593,50,,,661775,2019-02-15,19,17,22,19.45,OTC Link,19.47,2019-03-08,OTC Link,Active,48692992,2017-04-30
SMCI,2019-03-11,118059,667688,86800U104,SUPER MICRO COMPUTER INC,OTC Link,Common Stock,,N,Pink No Information,,19.5,2019-03-11,19.53,2019-03-11,19.515,19.208,19.58,19.2,19.5,19.45,2019-03-07,121013,2355211.3090000004,147,694137.88,35628,73,,,661775,2019-02-15,19,18,22,19.5,OTC Link,19.53,2019-03-11,OTC Link,Active,48692992,2017-04-30
SMCI,2019-03-12,118059,667688,86800U104,SUPER MICRO COMPUTER INC,OTC Link,Common Stock,,N,Pink No Information,,19.59,2019-03-12,19.6,2019-03-12,19.595,19.49,19.6,19.3,19.6,19.5,2019-03-10,144339,2804970.6777,156,661139.58,33956,69,,,661775,2019-02-15,19,18,22,19.59,OTC Link,19.6,2019-03-12,OTC Link,Active,48692992,2017-04-30
SMCI,2019-03-13,118059,667688,86800U104,SUPER MICRO COMPUTER INC,OTC Link,Common Stock,,N,Pink No Information,,19.8,2019-03-13,19.88,2019-03-13,19.84,19.59,19.85,19.45,19.8,19.6,2019-03-11,149161,2932853.4500000007,254,1378703.93,70158,164,,,661775,2019-02-15,19,17,22,19.8,OTC Link,19.88,2019-03-13,OTC Link,Active,48692992,2017-04-30
SMCI,2019-03-14,118059,667688,86800U104,SUPER MICRO COMPUTER INC,OTC Link,Common Stock,,N,Pink No Information,,20.03,2019-03-14,20.1,2019-03-14,20.065,19.21,20.19,19.21,20.03,19.8,2019-03-12,125536,2505260.0500000007,227,983193.79,49203,150,,,661775,2019-02-15,19,17,22,20.03,OTC Link,20.1,2019-03-14,OTC Link,Active,48692992,2017-04-30
SMCI,2019-03-15,118059,667688,86800U104,SUPER MICRO COMPUTER INC,OTC Link,Common Stock,,N,Pink No Information,,20,2019-03-15,20.09,2019-03-15,20.045,20.04,20.1,19.86,20.08,20.03,2019-03-13,65504,1313020.5723,72,528505.53,26369,35,,,661775,2019-02-15,19,18,22,20,OTC Link,20.09,2019-03-15,OTC Link,Active,48692992,2017-04-30
SMCI,2019-03-18,118059,667688,86800U104,SUPER MICRO COMPUTER INC,OTC Link,Common Stock,,N,Pink No Information,,20.22,2019-03-18,20.3,2019-03-18,20.26,20,20.3,19.96,20.3,20.08,2019-03-14,279806,5603817.082500001,182,2382738.76,119014,104,,,661775,2019-02-15,19,17,22,20.22,OTC Link,20.3,2019-03-18,OTC Link,Active,48692992,2017-04-30
SMCI,2019-03-19,118059,667688,86800U104,SUPER MICRO COMPUTER INC,OTC Link,Common Stock,,N,Pink No Information,,20.25,2019-03-19,20.29,2019-03-19,20.27,20.04,20.3,20,20.26,20.3,2019-03-17,195933,3959445.9340000004,221,1461334.13,72313,128,,,661775,2019-02-15,19,17,22,20.25,OTC Link,20.29,2019-03-19,OTC Link,Active,48692992,2017-04-30
SMCI,2019-03-20,118059,667688,86800U104,SUPER MICRO COMPUTER INC,OTC Link,Common Stock,,N,Pink No Information,,20.5,2019-03-20,20.55,2019-03-20,20.525,20.2,20.6,20.2,20.5,20.26,2019-03-18,84659,1732808.35,144,573138.45,27977,82,,,661775,2019-02-15,19,17,22,20.5,OTC Link,20.55,2019-03-20,OTC Link,Active,48692992,2017-04-30
SMCI,2019-03-21,118059,667688,86800U104,SUPER MICRO COMPUTER INC,OTC Link,Common Stock,,N,Pink No Information,,20.61,2019-03-21,20.7,2019-03-21,20.655,20.35,20.7,20.29,20.7,20.5,2019-03-19,59085,1215279.7039999997,186,591919.6,28742,89,,,661775,2019-02-15,19,17,22,20.61,OTC Link,20.7,2019-03-21,OTC Link,Active,48692992,2017-04-30
SMCI,2019-03-22,118059,667688,86800U104,SUPER MICRO COMPUTER INC,OTC Link,Common Stock,,N,Pink No Information,,20.6,2019-03-22,20.64,2019-03-22,20.62,20.5,20.8,20.5,20.6,20.7,2019-03-20,110942,2296350.2649999997,204,1009521.03,48773,123,,,661775,2019-02-15,19,17,22,20.6,OTC Link,20.64,2019-03-22,OTC Link,Active,48692992,2017-04-30
SMCI,2019-03-25,118059,667688,86800U104,SUPER MICRO COMPUTER INC,OTC Link,Common Stock,,N,Pink No Information,,20.8,2019-03-25,20.9,2019-03-25,20.85,20.64,21,20.58,20.9,20.6,2019-03-21,403612,8375274.1407,393,2443468.4,118154,246,,,661775,2019-02-15,18,16,22,20.8,OTC Link,20.9,2019-03-25,OTC Link,Active,48692992,2017-04-30
SMCI,2019-03-26,118059,667688,86800U104,SUPER MICRO COMPUTER INC,OTC Link,Common Stock,,N,Pink No Information,,20.83,2019-03-26,20.85,2019-03-26,20.84,20.8,21,20.8,20.82,20.9,2019-03-24,96428,2012132.3799999994,227,1061125.49,50937,182,,,533275,2019-02-28,18,17,22,20.83,OTC Link,20.85,2019-03-26,OTC Link,Active,48692992,2017-04-30
SMCI,2019-03-27,118059,667688,86800U104,SUPER MICRO COMPUTER INC,OTC Link,Common Stock,,N,Pink No Information,,20.95,2019-03-27,20.96,2019-03-27,20.955,20.8,21,20.8,20.95,20.86,2019-03-25,151823,3174789.9010000005,265,991791.2,47423,185,,,533275,2019-02-28,19,17,22,20.95,OTC Link,20.96,2019-03-27,OTC Link,Active,48692992,2017-04-30
SMCI,2019-03-28,118059,667688,86800U104,SUPER MICRO COMPUTER INC,OTC Link,Common Stock,,N,Pink No Information,,21,2019-03-28,21.1,2019-03-28,21.05,20.95,21.05,20.95,21,20.95,2019-03-26,228400,4795013.245000001,166,1230893.6,58632,99,,,533275,2019-02-28,19,17,22,21,OTC Link,21.1,2019-03-28,OTC Link,Active,48692992,2017-04-30
SMCI,2019-03-29,118059,667688,86800U104,SUPER MICRO COMPUTER INC,OTC Link,Common Stock,,N,Pink No Information,,21.05,2019-03-29,21.15,2019-03-29,21.1,21.1,21.15,20.96,21.1275,21,2019-03-27,116638,2458803.875,98,939732.37,44600,59,,,533275,2019-02-28,19,17,22,21.05,OTC Link,21.15,2019-03-29,OTC Link,Active,48692992,2017-04-30
SMCI,2019-04-01,118059,667688,86800U104,SUPER MICRO COMPUTER INC,OTC Link,Common Stock,,N,Pink No Information,,21.9,2019-04-01,21.92,2019-04-01,21.91,21.05,22,21.05,21.9,21.1275,2019-03-28,225226,4911288.359999999,353,2204924.48,100783,206,,,533275,2019-02-28,18,16,22,21.9,OTC Link,21.92,2019-04-01,OTC Link,Active,48692992,2017-04-30
SMCI,2019-04-02,118059,667688,86800U104,SUPER MICRO COMPUTER INC,OTC Link,Common Stock,,N,Pink No Information,,21.94,2019-04-02,22,2019-04-02,21.97,21.91,22.01,21.5,21.95,21.9,2019-03-31,264444,5812396.0434,209,1419460.09,64603,118,,,533275,2019-02-28,18,16,22,21.94,OTC Link,22,2019-04-02,OTC Link,Active,48692992,2017-04-30
SMCI,2019-04-03,118059,667688,86800U104,SUPER MICRO COMPUTER INC,OTC Link,Common Stock,,N,Pink No Information,,22.01,2019-04-03,22.02,2019-04-03,22.015,21.91,22.05,21.91,22.02,21.95,2019-04-01,306581,6742727.753299999,308,2444240,111100,169,,,533275,2019-02-28,17,15,22,22.01,OTC Link,22.02,2019-04-03,OTC Link,Active,48692992,2017-04-30
SMCI,2019-04-04,118059,667688,86800U104,SUPER MICRO COMPUTER INC,OTC Link,Common Stock,,N,Pink No Information,,22,2019-04-04,22.01,2019-04-04,22.005,22.05,22.1,21.98,22.01,22.02,2019-04-02,286998,6316537.145199996,337,2964091.35,134693,202,,,533275,2019-02-28,17,15,22,22,OTC Link,22.01,2019-04-04,OTC Link,Active,48692992,2017-04-30
SMCI,2019-04-05,118059,667688,86800U104,SUPER MICRO COMPUTER INC,OTC Link,Common Stock,,N,Pink No Information,,21.98,2019-04-05,22.03,2019-04-05,22.005,22.04,22.08,21.96,22.03,22.01,2019-04-03,130944,2882356.1540000006,117,1561075.21,70929,83,,,533275,2019-02-28,17,15,22,21.98,OTC Link,22.03,2019-04-05,OTC Link,Active,48692992,2017-04-30
SMCI,2019-04-08,118059,667688,86800U104,SUPER MICRO COMPUTER INC,OTC Link,Common Stock,,N,Pink No Information,,21.9,2019-04-08,22,2019-04-08,21.95,21.98,22.03,21.41,22,22.03,2019-04-04,84099,1846830.6579999998,173,701438.72,31972,89,,,533275,2019-02-28,17,15,22,21.9,OTC Link,22,2019-04-08,OTC Link,Active,48692992,2017-04-30
SMCI,2019-04-09,118059,667688,86800U104,SUPER MICRO COMPUTER INC,OTC Link,Common Stock,,N,Pink No Information,,21.96,2019-04-09,21.99,2019-04-09,21.975,21.9,22,21.8,21.99,22,2019-04-07,54716,1196262.452,95,695983.4,31873,66,,,533275,2019-02-28,17,16,22,21.96,OTC Link,21.99,2019-04-09,OTC Link,Active,48692992,2017-04-30
SMCI,2019-04-10,118059,667688,86800U104,SUPER MICRO COMPUTER INC,OTC Link,Common Stock,,N,Pink No Information,,21.9,2019-04-10,21.91,2019-04-10,21.905,21.99,21.99,21.8816,21.9,21.99,2019-04-08,93707,2055781.2750000001,80,489956.4,22354,41,,,533275,2019-02-28,17,15,22,21.9,OTC Link,21.91,2019-04-10,OTC Link,Active,48692992,2017-04-30
SMCI,2019-04-11,118059,667688,86800U104,SUPER MICRO COMPUTER INC,OTC Link,Common Stock,,N,Pink No Information,,21.98,2019-04-11,22.03,2019-04-11,22.005,21.93,22,21.92,22,21.9,2019-04-09,76801,1686023.7009999997,82,642305.38,29258,42,,,533275,2019-02-28,17,14,22,21.98,OTC Link,22.03,2019-04-11,OTC Link,Active,48692992,2017-04-30
SMCI,2019-04-12,118059,667688,86800U104,SUPER MICRO COMPUTER INC,OTC Link,Common Stock,,N,Pink No Information,,21.97,2019-04-12,22.03,2019-04-12,22,22,22.02,21.96,21.97,22,2019-04-10,115585,2542242.2165000006,114,1145181.28,52062,73,,,533275,2019-02-28,17,14,22,21.97,OTC Link,22.03,2019-04-12,OTC Link,Active,48692992,2017-04-30
SMCI,2019-04-15,118059,667688,86800U104,SUPER MICRO COMPUTER INC,OTC Link,Common Stock,,N,Pink No Information,,21.87,2019-04-15,21.95,2019-04-15,21.91,21.9,22.22,21.9,22.01,21.97,2019-04-11,106758,2348089.0120000006,197,1234570.56,56146,145,,,533275,2019-02-28,17,14,22,21.87,OTC Link,21.95,2019-04-15,OTC Link,Active,48692992,2017-04-30
SMCI,2019-04-16,118059,667688,86800U104,SUPER MICRO COMPUTER INC,OTC Link,Common Stock,,N,Pink No Information,,21.97,2019-04-16,22.08,2019-04-16,22.025,21.9,22.1,21.9,22,22.01,2019-04-14,23931,527579.5109000001,69,149841.24,6807,31,,,533275,2019-02-28,17,14,22,21.97,OTC Link,22.08,2019-04-16,OTC Link,Active,48692992,2017-04-30
SMCI,2019-04-17,118059,667688,86800U104,SUPER MICRO COMPUTER INC,OTC Link,Common Stock,,N,Pink No Information,,22,2019-04-17,22.1,2019-04-17,22.05,22.01,22.1,22,22.1,22,2019-04-15,34746,765320.6640000002,156,466767.91,21197,108,,,533275,2019-02-28,17,15,22,22,OTC Link,22.1,2019-04-17,OTC Link,Active,48692992,2017-04-30
SMCI,2019-04-18,118059,667688,86800U104,SUPER MICRO COMPUTER INC,OTC Link,Common Stock,,N,Pink No Information,,21.97,2019-04-18,22.03,2019-04-18,22,22,22.1,21.93,21.97,22.1,2019-04-16,85702,1887353.2699999998,121,161369.95,7331,30,,,533275,2019-02-28,17,15,22,21.97,OTC Link,22.03,2019-04-18,OTC Link,Active,48692992,2017-04-30
SMCI,2019-04-22,118059,667688,86800U104,SUPER MICRO COMPUTER INC,OTC Link,Common Stock,,N,Pink No Information,,21.97,2019-04-22,22.03,2019-04-22,22,21.99,22.08,21.92,21.97,21.97,2019-04-17,85272,1875596.7412000003,146,383092.54,17427,65,,,533275,2019-02-28,17,15,22,21.97,OTC Link,22.03,2019-04-22,OTC Link,Active,48692992,2017-04-30
SMCI,2019-04-23,118059,667688,86800U104,SUPER MICRO COMPUTER INC,OTC Link,Common Stock,,N,Pink No Information,,22.14,2019-04-23,22.15,2019-04-23,22.145,22,22.16,22,22.15,21.97,2019-04-21,274499,6065671.080000001,191,1646622.72,74569,118,,,533275,2019-02-28,17,15,22,22.14,OTC Link,22.15,2019-04-23,OTC Link,Active,48692992,2017-04-30
SMCI,2019-04-24,118059,667688,86800U104,SUPER MICRO COMPUTER INC,OTC Link,Common Stock,,N,Pink No Information,,22.19,2019-04-24,22.22,2019-04-24,22.205,22.15,22.22,22.0925,22.19,22.15,2019-04-22,41027,909821.6235000001,143,532087.79,24003,44,,,533275,2019-02-28,17,15,22,22.19,OTC Link,22.22,2019-04-24,OTC Link,Active,48692992,2017-04-30
SMCI,2019-04-25,118059,667688,86800U104,SUPER MICRO COMPUTER INC,OTC Link,Common Stock,,N,Pink No Information,,22.25,2019-04-25,22.28,2019-04-25,22.265,22.23,22.265,22.19,22.25,22.19,2019-04-23,208601,4635008.053,104,961213.62,43235,67,,,533275,2019-02-28,17,16,22,22.25,OTC Link,22.28,2019-04-25,OTC Link,Active,48692992,2017-04-30
SMCI,2019-04-26,118059,667688,86800U104,SUPER MICRO COMPUTER INC,OTC Link,Common Stock,,N,Pink No Information,,22.18,2019-04-26,22.21,2019-04-26,22.195,22.25,22.25,22.1,22.2,22.25,2019-04-24,202345,4492517.8672,194,1687393.96,75986,124,,,533275,2019-02-28,18,16,22,22.18,OTC Link,22.21,2019-04-26,OTC Link,Active,48692992,2017-04-30
SMCI,2019-04-29,118059,667688,86800U104,SUPER MICRO COMPUTER INC,OTC Link,Common Stock,,N,Pink No Information,,22.3,2019-04-29,22.32,2019-04-29,22.31,22.22,22.4,22.22,22.3,22.2,2019-04-25,66187,1478935.2601000003,153,840250.85,37626,101,,,533275,2019-02-28,17,15,22,22.3,OTC Link,22.32,2019-04-29,OTC Link,Active,48692992,2017-04-30
SMCI,2019-04-30,118059,667688,86800U104,SUPER MICRO COMPUTER INC,OTC Link,Common Stock,,N,Pink No Information,,22.4,2019-04-30,22.48,2019-04-30,22.44,22.3,22.43,22.3,22.42,22.3,2019-04-28,125835,2816830.4666000004,209,1513576.1,67621,135,,,521715,2019-04-15,17,15,22,22.4,OTC Link,22.48,2019-04-30,OTC Link,Active,48692992,2017-04-30
SMCI,2019-05-01,118059,667688,86800U104,SUPER MICRO COMPUTER INC,OTC Link,Common Stock,,N,Pink No Information,,22.75,2019-05-01,22.9,2019-05-01,22.825,22.48,23.04,22.48,22.85,22.42,2019-04-29,40799,925960.1050000001,126,413599.35,18180,71,,,521715,2019-04-15,17,15,22,22.75,OTC Link,22.9,2019-05-01,OTC Link,Active,48692992,2017-04-30
SMCI,2019-05-02,118059,667688,86800U104,SUPER MICRO COMPUTER INC,OTC Link,Common Stock,,N,Pink No Information,,22.4,2019-05-02,22.49,2019-05-02,22.445,22.71,22.9,22.25,22.41,22.85,2019-04-30,113061,2548735.64,205,944150.88,41918,117,,,521715,2019-04-15,17,15,22,22.4,OTC Link,22.49,2019-05-02,OTC Link,Active,48692992,2017-04-30
SMCI,2019-05-03,118059,667688,86800U104,SUPER MICRO COMPUTER INC,OTC Link,Common Stock,,N,Pink No Information,,22.45,2019-05-03,22.65,2019-05-03,22.55,22.47,22.62,22.39,22.5,22.41,2019-05-01,185787,4176028.9950000006,186,1254494.76,55820,110,,,521715,2019-04-15,17,15,22,22.45,OTC Link,22.65,2019-05-03,OTC Link,Active,48692992,2017-04-30
SMCI,2019-05-06,118059,667688,86800U104,SUPER MICRO COMPUTER INC,OTC Link,Common Stock,,N,Pink No Information,,22.41,2019-05-06,22.5,2019-05-06,22.455,22.545,22.55,22.25,22.5,22.5,2019-05-02,167846,3757151.626000001,158,1541271.8,68914,93,,,521715,2019-04-15,17,15,22,22.41,OTC Link,22.5,2019-05-06,OTC Link,Active,48692992,2017-04-30
SMCI,2019-05-07,118059,667688,86800U104,SUPER MICRO COMPUTER INC,OTC Link,Common Stock,,N,Pink No Information,,22.07,2019-05-07,22.15,2019-05-07,22.11,22.41,22.5,22.1,22.1,22.5,2019-05-05,287747,6430374.159000002,255,2495467.16,111640,180,,,521715,2019-04-15,17,15,22,22.07,OTC Link,22.15,2019-05-07,OTC Link,Active,48692992,2017-04-30
SMCI,2019-05-08,118059,667688,86800U104,SUPER MICRO COMPUTER INC,OTC Link,Common Stock,,N,Pink No Information,,21.27,2019-05-08,21.3,2019-05-08,21.285,22.1,22.25,20.78,21.3,22.1,2019-05-06,184922,4056546.138499999,298,1512684.63,68969,168,,,521715,2019-04-15,17,15,22,21.27,OTC Link,21.3,2019-05-08,OTC Link,Active,48692992,2017-04-30
SMCI,2019-05-09,118059,667688,86800U104,SUPER MICRO COMPUTER INC,OTC Link,Common Stock,,N,Pink No Information,,20.9,2019-05-09,21,2019-05-09,20.95,21.27,21.41,20.98,21,21.3,2019-05-07,141405,2993137.778,139,1193641.04,56473,74,,,521715,2019-04-15,17,15,22,20.9,OTC Link,21,2019-05-09,OTC Link,Active,48692992,2017-04-30
SMCI,2019-05-10,118059,667688,86800U104,SUPER MICRO COMPUTER INC,OTC Link,Common Stock,,N,Pink No Information,,20.11,2019-05-10,20.5,2019-05-10,20.305,20.9,20.9,19.69,20.11,21,2019-05-08,91703,1833483.8548000003,254,862462.27,43084,141,,,521715,2019-04-15,17,15,22,20.11,OTC Link,20.5,2019-05-10,OTC Link,Active,48692992,2017-04-30
SMCI,2019-05-13,118059,667688,86800U104,SUPER MICRO COMPUTER INC,OTC Link,Common Stock,,N,Pink No Information,,19.75,2019-05-13,19.8,2019-05-13,19.775,20.04,20.1,19.25,19.65,20.11,2019-05-09,223181,4451887.801899998,320,2813622.44,141060,232,,,521715,2019-04-15,17,15,22,19.75,OTC Link,19.8,2019-05-13,OTC Link,Active,48692992,2017-04-30
SMCI,2019-05-14,118059,667688,86800U104,SUPER MICRO COMPUTER INC,OTC Link,Common Stock,,N,Pink No Information,,19.88,2019-05-14,19.91,2019-05-14,19.895,19.85,20.1,19.75,19.91,19.65,2019-05-12,154029,3067388.345,115,1229360.85,61763,48,,,521715,2019-04-15,18,15,22,19.88,OTC Link,19.91,2019-05-14,OTC Link,Active,48692992,2017-04-30
SMCI,2019-05-15,118059,667688,86800U104,SUPER MICRO COMPUTER INC,OTC Link,Common Stock,,N,Pink No Information,,20.39,2019-05-15,20.55,2019-05-15,20.47,20.09,20.39,19.9,20.39,19.91,2019-05-13,10317,207206.49,66,68614,3400,25,,,427681,2019-04-30,18,15,22,20.39,OTC Link,20.55,2019-05-15,OTC Link,Active,48692992,2017-04-30
SMCI,2019-05-16,118059,667688,86800U104,SUPER MICRO COMPUTER INC,OTC Link,Common Stock,,N,Pink No Information,,20,2019-05-16,20.02,2019-05-16,20.01,20.39,21.15,19.95,20.02,20.39,2019-05-14,250938,5078414.998900001,407,1357397.76,67100,205,,,427681,2019-04-30,18,16,22,20,OTC Link,20.02,2019-05-16,OTC Link,Active,48692992,2017-04-30
SMCI,2019-05-17,118059,667688,86800U104,SUPER MICRO COMPUTER INC,OTC Link,Common Stock,,N,Pink No Information,,19.85,2019-05-17,19.9,2019-05-17,19.875,20.1,20.36,19.4,19.85,20.02,2019-05-15,99075,1973312.9563999993,275,908234.77,45664,168,,,427681,2019-04-30,18,15,22,19.85,OTC Link,19.9,2019-05-17,OTC Link,Active,48692992,2017-04-30
SMCI,2019-05-20,118059,667688,86800U104,SUPER MICRO COMPUTER INC,OTC Link,Common Stock,,N,Pink No Information,,19.9,2019-05-20,19.99,2019-05-20,19.945,19.9,19.99,19.6152,19.945,19.85,2019-05-16,55277,1098302.1919999998,72,932054.55,46910,41,,,427681,2019-04-30,18,14,22,19.9,OTC Link,19.99,2019-05-20,OTC Link,Active,48692992,2017-04-30
SMCI,2019-05-21,118059,667688,86800U104,SUPER MICRO COMPUTER INC,OTC Link,Common Stock,,N,Pink No Information,,20.07,2019-05-21,20.08,2019-05-21,20.075,19.85,20.1,19.85,20.07,19.945,2019-05-19,336991,6757545.5600000005,182,1520294.47,75869,108,,,427681,2019-04-30,18,14,22,20.07,OTC Link,20.08,2019-05-21,OTC Link,Active,48692992,2017-04-30
SMCI,2019-05-22,118059,667688,86800U104,SUPER MICRO COMPUTER INC,OTC Link,Common Stock,,N,Pink No Information,,20.15,2019-05-22,20.16,2019-05-22,20.155,20.1,20.45,20.07,20.16,20.07,2019-05-20,446165,9000599.700000001,298,1386520.63,68624,181,,,427681,2019-04-30,18,14,22,20.15,OTC Link,20.16,2019-05-22,OTC Link,Active,48692992,2017-04-30
SMCI,2019-05-23,118059,667688,86800U104,SUPER MICRO COMPUTER INC,OTC Link,Common Stock,,N,Pink No Information,,19.85,2019-05-23,19.93,2019-05-23,19.89,20.16,20.17,19.85,19.85,20.16,2019-05-21,446566,8941240.159499997,183,1348305.9,67425,91,,,427681,2019-04-30,18,14,22,19.85,OTC Link,19.93,2019-05-23,OTC Link,Active,48692992,2017-04-30
SMCI,2019-05-24,118059,667688,86800U104,SUPER MICRO COMPUTER INC,OTC Link,Common Stock,,N,Pink No Information,,19.77,2019-05-24,19.86,2019-05-24,19.815,19.85,19.99,19.75,19.91,19.85,2019-05-22,164437,3266482.678000001,154,699671.67,35309,55,,,427681,2019-04-30,18,15,22,19.77,OTC Link,19.86,2019-05-24,OTC Link,Active,48692992,2017-04-30
SMCI,2019-05-28,118059,667688,86800U104,SUPER MICRO COMPUTER INC,OTC Link,Common Stock,,N,Pink No Information,,19.66,2019-05-28,19.73,2019-05-28,19.695,19.7,19.87,19.67,19.68,19.91,2019-05-23,168946,3338490.715800001,133,593700.49,30093,70,,,482489,2019-05-15,18,15,22,19.66,OTC Link,19.73,2019-05-28,OTC Link,Active,48692992,2017-04-30
SMCI,2019-05-29,118059,667688,86800U104,SUPER MICRO COMPUTER INC,OTC Link,Common Stock,,N,Pink No Information,,19.22,2019-05-29,19.25,2019-05-29,19.235,19.66,19.7,19.06,19.22,19.68,2019-05-27,63339,1237329.1300000001,119,576595.72,29576,69,,,482489,2019-05-15,18,15,22,19.22,OTC Link,19.25,2019-05-29,OTC Link,Active,48692992,2017-04-30
SMCI,2019-05-30,118059,667688,86800U104,SUPER MICRO COMPUTER INC,OTC Link,Common Stock,,N,Pink No Information,,19.32,2019-05-30,19.4,2019-05-30,19.36,19.2,19.61,19.2,19.33,19.22,2019-05-28,45178,872685.4319999994,103,491641.69,25466,36,,,482489,2019-05-15,18,14,22,19.32,OTC Link,19.4,2019-05-30,OTC Link,Active,48692992,2017-04-30
SMCI,2019-05-31,118059,667688,86800U104,SUPER MICRO COMPUTER INC,OTC Link,Common Stock,,N,Pink No Information,,19,2019-05-31,19.05,2019-05-31,19.025,19.08,20,18.21,19,19.33,2019-05-29,121660,2322707.6539999996,165,944555.79,49455,98,,,482489,2019-05-15,18,16,22,19,OTC Link,19.05,2019-05-31,OTC Link,Active,48692992,2017-04-30
SMCI,2019-06-03,118059,667688,86800U104,SUPER MICRO COMPUTER INC,OTC Link,Common Stock,,N,Pink No Information,,19.3,2019-06-03,19.35,2019-06-03,19.325,18.99,19.49,18.99,19.3,19,2019-05-30,143742,2786186.149,318,1204487.31,62183,210,,,482489,2019-05-15,18,15,22,19.3,OTC Link,19.35,2019-06-03,OTC Link,Active,48692992,2017-04-30
SMCI,2019-06-04,118059,667688,86800U104,SUPER MICRO COMPUTER INC,OTC Link,Common Stock,,N,Pink No Information,,18.99,2019-06-04,19.08,2019-06-04,19.035,19.3,19.73,18.97,19,19.3,2019-06-02,118697,2289549.5780000007,328,1028416.51,53261,139,,,482489,2019-05-15,18,15,22,18.99,OTC Link,19.08,2019-06-04,OTC Link,Active,48692992,2017-04-30
SMCI,2019-06-05,118059,667688,86800U104,SUPER MICRO COMPUTER INC,OTC Link,Common Stock,,N,Pink No Information,,18.85,2019-06-05,18.88,2019-06-05,18.865,19.44,19.5,18.85,18.85,19,2019-06-03,39938,758576.875,120,273965.65,14440,73,,,482489,2019-05-15,18,15,22,18.85,OTC Link,18.88,2019-06-05,OTC Link,Active,48692992,2017-04-30
SMCI,2019-06-06,118059,667688,86800U104,SUPER MICRO COMPUTER INC,OTC Link,Common Stock,,N,Pink No Information,,18.3,2019-06-06,18.32,2019-06-06,18.31,18.85,18.85,18.01,18.3,18.85,2019-06-04,110592,2024195.2266,192,1405794.91,76779,134,,,482489,2019-05-15,18,15,22,18.3,OTC Link,18.32,2019-06-06,OTC Link,Active,48692992,2017-04-30
SMCI,2019-06-07,118059,667688,86800U104,SUPER MICRO COMPUTER INC,OTC Link,Common Stock,,N,Pink No Information,,18.21,2019-06-07,18.35,2019-06-07,18.28,18.3,18.45,18.23,18.35,18.3,2019-06-05,46666,855596.341,140,713461.61,38897,108,,,482489,2019-05-15,18,16,22,18.21,OTC Link,18.35,2019-06-07,OTC Link,Active,48692992,2017-04-30
SMCI,2019-06-10,118059,667688,86800U104,SUPER MICRO COMPUTER INC,OTC Link,Common Stock,,N,Pink No Information,,18.45,2019-06-10,18.5,2019-06-10,18.475,18.98,18.99,18.45,18.46,18.35,2019-06-06,41692,783009.1535,140,369623.33,19748,71,,,482489,2019-05-15,18,15,22,18.45,OTC Link,18.5,2019-06-10,OTC Link,Active,48692992,2017-04-30
SMCI,2019-06-11,118059,667688,86800U104,SUPER MICRO COMPUTER INC,OTC Link,Common Stock,,N,Pink No Information,,18.27,2019-06-11,18.35,2019-06-11,18.31,18.5,18.9,18.27,18.37,18.46,2019-06-09,72890,1342516.0710000002,105,455383.13,24722,39,,,482489,2019-05-15,18,16,22,18.27,OTC Link,18.35,2019-06-11,OTC Link,Active,48692992,2017-04-30
SMCI,2019-06-12,118059,667688,86800U104,SUPER MICRO COMPUTER INC,OTC Link,Common Stock,,N,Pink No Information,,18.1,2019-06-12,18.18,2019-06-12,18.14,18.45,18.45,18.14,18.18,18.37,2019-06-10,49919,911831.3100000002,46,149189,8200,12,,,482489,2019-05-15,18,16,22,18.1,OTC Link,18.18,2019-06-12,OTC Link,Active,48692992,2017-04-30
SMCI,2019-06-13,118059,667688,86800U104,SUPER MICRO COMPUTER INC,OTC Link,Common Stock,,N,Pink No Information,,17.3,2019-06-13,17.36,2019-06-13,17.33,18.14,18.18,17.13,17.39,18.18,2019-06-11,204407,3616043.8109999993,504,1147659.55,64990,197,,,482489,2019-05-15,18,16,22,17.3,OTC Link,17.36,2019-06-13,OTC Link,Active,48692992,2017-04-30
SMCI,2019-06-14,118059,667688,86800U104,SUPER MICRO COMPUTER INC,OTC Link,Common Stock,,N,Pink No Information,,17.45,2019-06-14,17.54,2019-06-14,17.495,17.3,17.55,17.26,17.54,17.39,2019-06-12,217282,3788696.86,437,1437072.1,82394,184,,,482489,2019-05-15,18,16,22,17.45,OTC Link,17.54,2019-06-14,OTC Link,Active,48692992,2017-04-30
SMCI,2019-06-17,118059,667688,86800U104,SUPER MICRO COMPUTER INC,OTC Link,Common Stock,,N,Pink No Information,,18,2019-06-17,18.1,2019-06-17,18.05,17.45,18.2,17.4,18,17.54,2019-06-13,101378,1815315.6390000004,304,529488.89,29715,65,,,482489,2019-05-15,18,16,22,18,OTC Link,18.1,2019-06-17,OTC Link,Active,48692992,2017-04-30
SMCI,2019-06-18,118059,667688,86800U104,SUPER MICRO COMPUTER INC,OTC Link,Common Stock,,N,Pink No Information,,18.4,2019-06-18,18.45,2019-06-18,18.425,18.2,18.95,18.2,18.4,18,2019-06-16,16052,296468.6125,59,80902.45,4378,28,,,566593,2019-05-31,18,16,22,18.4,OTC Link,18.45,2019-06-18,OTC Link,Active,48692992,2017-04-30
SMCI,2019-06-19,118059,667688,86800U104,SUPER MICRO COMPUTER INC,OTC Link,Common Stock,,N,Pink No Information,,18.55,2019-06-19,18.7,2019-06-19,18.625,18.4,18.7,18.15,18.7,18.4,2019-06-17,82376,1521721.0679999997,107,937197.85,50777,82,,,566593,2019-05-31,18,16,22,18.55,OTC Link,18.7,2019-06-19,OTC Link,Active,48692992,2017-04-30
SMCI,2019-06-20,118059,667688,86800U104,SUPER MICRO COMPUTER INC,OTC Link,Common Stock,,N,Pink No Information,,19,2019-06-20,19.13,2019-06-20,19.065,18.55,19.1,18.5,19.03,18.7,2019-06-18,25851,489570.176,73,163337.18,8630,37,,,566593,2019-05-31,17,14,22,19,OTC Link,19.13,2019-06-20,OTC Link,Active,48692992,2017-04-30
SMCI,2019-06-21,118059,667688,86800U104,SUPER MICRO COMPUTER INC,OTC Link,Common Stock,,N,Pink No Information,,19.29,2019-06-21,19.32,2019-06-21,19.305,19.01,19.34,18.95,19.06,19.03,2019-06-19,92528,1782662.2310000001,101,275830.18,14353,47,,,566593,2019-05-31,18,16,22,19.29,OTC Link,19.32,2019-06-21,OTC Link,Active,48692992,2017-04-30
SMCI,2019-06-24,118059,667688,86800U104,SUPER MICRO COMPUTER INC,OTC Link,Common Stock,,N,Pink No Information,,19.35,2019-06-24,19.45,2019-06-24,19.4,19.195,19.55,19.195,19.4,19.06,2019-06-20,131291,2559807.3440000005,174,854012.79,43797,59,,,566593,2019-05-31,18,15,22,19.35,OTC Link,19.45,2019-06-24,OTC Link,Active,48692992,2017-04-30
SMCI,2019-06-25,118059,667688,86800U104,SUPER MICRO COMPUTER INC,OTC Link,Common Stock,,N,Pink No Information,,19.05,2019-06-25,19.16,2019-06-25,19.105,19.35,19.42,19.05,19.05,19.4,2019-06-23,122204,2365749.8158,99,809382.41,41850,42,,,566593,2019-05-31,18,15,22,19.05,OTC Link,19.16,2019-06-25,OTC Link,Active,48692992,2017-04-30
SMCI,2019-06-26,118059,667688,86800U104,SUPER MICRO COMPUTER INC,OTC Link,Common Stock,,N,Pink No Information,,19.17,2019-06-26,19.2,2019-06-26,19.185,19.15,19.27,19.15,19.19,19.05,2019-06-24,110419,2119391.506,112,798003.46,41591,55,,,566593,2019-05-31,19,16,22,19.17,OTC Link,19.2,2019-06-26,OTC Link,Active,48692992,2017-04-30
SMCI,2019-06-27,118059,667688,86800U104,SUPER MICRO COMPUTER INC,OTC Link,Common Stock,,N,Pink No Information,,19.19,2019-06-27,19.2,2019-06-27,19.195,19.2,19.24,19.19,19.19,19.19,2019-06-25,54162,1039690.403,61,325464.25,16959,17,,,566593,2019-05-31,19,16,22,19.19,OTC Link,19.2,2019-06-27,OTC Link,Active,48692992,2017-04-30
SMCI,2019-06-28,118059,667688,86800U104,SUPER MICRO COMPUTER INC,OTC Link,Common Stock,,N,Pink No Information,,19.25,2019-06-28,19.35,2019-06-28,19.3,19.2,19.4,19.06,19.35,19.19,2019-06-26,14399,277239.875,54,187473.99,9749,32,,,566593,2019-05-31,19,16,22,19.25,OTC Link,19.35,2019-06-28,OTC Link,Active,48692992,2017-04-30
SMCI,2019-07-01,118059,667688,86800U104,SUPER MICRO COMPUTER INC,OTC Link,Common Stock,,N,Pink No Information,,19.2,2019-07-01,19.25,2019-07-01,19.225,19.325,19.4,19.01,19.28,19.35,2019-06-27,146075,2816146.08,151,1067597.53,55389,77,,,566593,2019-05-31,19,16,22,19.2,OTC Link,19.25,2019-07-01,OTC Link,Active,48692992,2017-04-30
SMCI,2019-07-02,118059,667688,86800U104,SUPER MICRO COMPUTER INC,OTC Link,Common Stock,,N,Pink No Information,,19.01,2019-07-02,19.05,2019-07-02,19.03,19.25,19.25,19.01,19.05,19.28,2019-06-30,29139,556001.0018000002,82,186971.63,9810,26,,,566593,2019-05-31,19,16,22,19.01,OTC Link,19.05,2019-07-02,OTC Link,Active,48692992,2017-04-30
SMCI,2019-07-03,118059,667688,86800U104,SUPER MICRO COMPUTER INC,OTC Link,Common Stock,,N,Pink No Information,,18.9,2019-07-03,18.98,2019-07-03,18.94,19.01,19.05,18.9,18.92,19.05,2019-07-01,20403,387228.04,65,233240.35,12290,33,,,566593,2019-05-31,19,16,22,18.9,OTC Link,18.98,2019-07-03,OTC Link,Active,48692992,2017-04-30
SMCI,2019-07-05,118059,667688,86800U104,SUPER MICRO COMPUTER INC,OTC Link,Common Stock,,N,Pink No Information,,18.61,2019-07-05,18.88,2019-07-05,18.745,18.9,18.98,18.61,18.61,18.92,2019-07-02,32666,614427.7750000001,107,350347,18600,34,,,566593,2019-05-31,19,17,22,18.61,OTC Link,18.88,2019-07-05,OTC Link,Active,48692992,2017-04-30
SMCI,2019-07-08,118059,667688,86800U104,SUPER MICRO COMPUTER INC,OTC Link,Common Stock,,N,Pink No Information,,18.6,2019-07-08,18.64,2019-07-08,18.62,18.87,18.87,18.61,18.61,18.61,2019-07-04,5139,95889.33,16,11185,600,6,,,566593,2019-05-31,18,15,22,18.6,OTC Link,18.64,2019-07-08,OTC Link,Active,48692992,2017-04-30
SMCI,2019-07-09,118059,667688,86800U104,SUPER MICRO COMPUTER INC,OTC Link,Common Stock,,N,Pink No Information,,18.6,2019-07-09,18.65,2019-07-09,18.625,18.62,18.84,18.5,18.65,18.61,2019-07-07,80569,1500009.8,169,830804.84,44648,103,,,566593,2019-05-31,18,15,22,18.6,OTC Link,18.65,2019-07-09,OTC Link,Active,48692992,2017-04-30
SMCI,2019-07-10,118059,667688,86800U104,SUPER MICRO COMPUTER INC,OTC Link,Common Stock,,N,Pink No Information,,19.15,2019-07-10,19.29,2019-07-10,19.22,18.74,19.3,18.5,19.2,18.65,2019-07-08,42506,808588.46,145,359498.3,18859,82,,,566593,2019-05-31,18,15,22,19.15,OTC Link,19.29,2019-07-10,OTC Link,Active,48692992,2017-04-30
SMCI,2019-07-11,118059,667688,86800U104,SUPER MICRO COMPUTER INC,OTC Link,Common Stock,,N,Pink No Information,,18.75,2019-07-11,18.85,2019-07-11,18.8,19.4,19.4,18.73,18.85,19.2,2019-07-09,41431,785595.263,77,230759.41,12179,37,,,700910,2019-06-28,18,15,22,18.75,OTC Link,18.85,2019-07-11,OTC Link,Active,48692992,2017-04-30
SMCI,2019-07-12,118059,667688,86800U104,SUPER MICRO COMPUTER INC,OTC Link,Common Stock,,N,Pink No Information,,18.6,2019-07-12,18.65,2019-07-12,18.625,18.8,18.99,18.58,18.58,18.85,2019-07-10,40820,765746.1549999999,82,248690.27,13252,43,,,700910,2019-06-28,18,15,22,18.6,OTC Link,18.65,2019-07-12,OTC Link,Active,48692992,2017-04-30
SMCI,2019-07-15,118059,667688,86800U104,SUPER MICRO COMPUTER INC,OTC Link,Common Stock,,N,Pink No Information,,18.6,2019-07-15,18.7,2019-07-15,18.65,18.5525,18.74,18.51,18.7,18.58,2019-07-11,6094,113744.65,33,48055.4,2574,16,,,700910,2019-06-28,18,15,22,18.6,OTC Link,18.7,2019-07-15,OTC Link,Active,48692992,2017-04-30
SMCI,2019-07-16,118059,667688,86800U104,SUPER MICRO COMPUTER INC,OTC Link,Common Stock,,N,Pink No Information,,19,2019-07-16,19.14,2019-07-16,19.07,18.7,19.2,18.7,19.2,18.7,2019-07-14,15020,284668.6625,57,141061.25,7445,38,,,700910,2019-06-28,18,15,22,19,OTC Link,19.14,2019-07-16,OTC Link,Active,48692992,2017-04-30
SMCI,2019-07-17,118059,667688,86800U104,SUPER MICRO COMPUTER INC,OTC Link,Common Stock,,N,Pink No Information,,18.75,2019-07-17,19.1,2019-07-17,18.925,19.1,19.15,18.71,18.76,19.2,2019-07-15,45440,865804.5939999999,97,429052.08,22512,61,,,700910,2019-06-28,18,15,22,18.75,OTC Link,19.1,2019-07-17,OTC Link,Active,48692992,2017-04-30
SMCI,2019-07-18,118059,667688,86800U104,SUPER MICRO COMPUTER INC,OTC Link,Common Stock,,N,Pink No Information,,18.6,2019-07-18,18.64,2019-07-18,18.62,18.7,19,18.6,18.6,18.76,2019-07-16,49671,926030.0640000001,78,415529.75,22265,35,,,700910,2019-06-28,18,15,22,18.6,OTC Link,18.64,2019-07-18,OTC Link,Active,48692992,2017-04-30
SMCI,2019-07-19,118059,667688,86800U104,SUPER MICRO COMPUTER INC,OTC Link,Common Stock,,N,Pink No Information,,19,2019-07-19,19.02,2019-07-19,19.01,18.75,19,18.71,19,18.6,2019-07-17,36143,682276.7600000001,76,260381.07,13789,37,,,700910,2019-06-28,18,14,22,19,OTC Link,19.02,2019-07-19,OTC Link,Active,48692992,2017-04-30
SMCI,2019-07-22,118059,667688,86800U104,SUPER MICRO COMPUTER INC,OTC Link,Common Stock,,N,Pink No Information,,19,2019-07-22,19.5,2019-07-22,19.25,19.1,20,19.1,19.5,19,2019-07-18,153673,3009467.5539,267,1406123.535,71792,152,,,700910,2019-06-28,18,15,22,19,OTC Link,19.5,2019-07-22,OTC Link,Active,48692992,2017-04-30
SMCI,2019-07-23,118059,667688,86800U104,SUPER MICRO COMPUTER INC,OTC Link,Common Stock,,N,Pink No Information,,18.9,2019-07-23,19.11,2019-07-23,19.005,19.65,19.9,19,19.11,19.5,2019-07-21,53129,1024356.11,126,610758.64,31658,76,,,700910,2019-06-28,18,15,22,18.9,OTC Link,19.11,2019-07-23,OTC Link,Active,48692992,2017-04-30
SMCI,2019-07-24,118059,667688,86800U104,SUPER MICRO COMPUTER INC,OTC Link,Common Stock,,N,Pink No Information,,19,2019-07-24,19.18,2019-07-24,19.09,19.2,19.42,19.15,19.26,19.11,2019-07-22,19134,367588.63,60,248959.4,12954,40,,,700910,2019-06-28,18,15,22,19,OTC Link,19.18,2019-07-24,OTC Link,Active,48692992,2017-04-30
SMCI,2019-07-25,118059,667688,86800U104,SUPER MICRO COMPUTER INC,OTC Link,Common Stock,,N,Pink No Information,,18.71,2019-07-25,18.9,2019-07-25,18.805,18.6,19.12,18.6,18.9,19.26,2019-07-23,13788,261220.1804,36,53853.92,2850,14,,,711323,2019-07-15,18,15,22,18.71,OTC Link,18.9,2019-07-25,OTC Link,Active,48692992,2017-04-30
SMCI,2019-07-26,118059,667688,86800U104,SUPER MICRO COMPUTER INC,OTC Link,Common Stock,,N,Pink No Information,,18.75,2019-07-26,18.67,2019-07-26,18.71,18.86,18.86,18.57,18.66,18.9,2019-07-24,17619,330209.4,58,121502,6495,34,,,711323,2019-07-15,18,14,22,18.75,OTC Link,18.67,2019-07-26,OTC Link,Active,48692992,2017-04-30
SMCI,2019-07-29,118059,667688,86800U104,SUPER MICRO COMPUTER INC,OTC Link,Common Stock,,N,Pink No Information,,18.4,2019-07-29,18.67,2019-07-29,18.535,18.75,18.93,18.5,18.72,18.66,2019-07-25,13046,243679.919,63,86978.79,4638,25,,,711323,2019-07-15,18,15,22,18.4,OTC Link,18.67,2019-07-29,OTC Link,Active,48692992,2017-04-30
SMCI,2019-07-30,118059,667688,86800U104,SUPER MICRO COMPUTER INC,OTC Link,Common Stock,,N,Pink No Information,,18.45,2019-07-30,18.55,2019-07-30,18.5,19.375,19.375,18.5,18.52,18.72,2019-07-28,21865,406824.0399999999,74,187370.54,10074,38,,,711323,2019-07-15,18,15,22,18.45,OTC Link,18.55,2019-07-30,OTC Link,Active,48692992,2017-04-30
SMCI,2019-07-31,118059,667688,86800U104,SUPER MICRO COMPUTER INC,OTC Link,Common Stock,,N,Pink No Information,,18.25,2019-07-31,18.35,2019-07-31,18.3,18.454,18.55,18.3,18.31,18.52,2019-07-29,32054,591392.35,89,258931.09,14043,29,,,711323,2019-07-15,18,16,22,18.25,OTC Link,18.35,2019-07-31,OTC Link,Active,48692992,2017-04-30
SMCI,2019-08-01,118059,667688,86800U104,SUPER MICRO COMPUTER INC,OTC Link,Common Stock,,N,Pink No Information,,18,2019-08-01,18.15,2019-08-01,18.075,18.23,18.24,18,18.14,18.31,2019-07-30,39412,716279.1352,106,366840.14,20167,30,,,711323,2019-07-15,18,15,22,18,OTC Link,18.15,2019-08-01,OTC Link,Active,48692992,2017-04-30
SMCI,2019-08-02,118059,667688,86800U104,SUPER MICRO COMPUTER INC,OTC Link,Common Stock,,N,Pink No Information,,16.9,2019-08-02,17.04,2019-08-02,16.97,18,18,16,17,18.14,2019-07-31,249002,4238112.6087,495,1431950.27,84576,296,,,711323,2019-07-15,18,15,22,16.9,OTC Link,17.04,2019-08-02,OTC Link,Active,48692992,2017-04-30
SMCI,2019-08-05,118059,667688,86800U104,SUPER MICRO COMPUTER INC,OTC Link,Common Stock,,N,Pink No Information,,16.31,2019-08-05,16.4,2019-08-05,16.355,17,17,16.26,16.31,17,2019-08-01,488137,8043159.672500003,406,1246093.74,75430,158,,,711323,2019-07-15,18,16,22,16.31,OTC Link,16.4,2019-08-05,OTC Link,Active,48692992,2017-04-30
SMCI,2019-08-06,118059,667688,86800U104,SUPER MICRO COMPUTER INC,OTC Link,Common Stock,,N,Pink No Information,,17.6,2019-08-06,17.7,2019-08-06,17.65,16.3,17.7,16.3,17.6,16.31,2019-08-04,197687,3449917.4134000004,246,1510916.45,86543,139,,,711323,2019-07-15,18,15,22,17.6,OTC Link,17.7,2019-08-06,OTC Link,Active,48692992,2017-04-30
SMCI,2019-08-07,118059,667688,86800U104,SUPER MICRO COMPUTER INC,OTC Link,Common Stock,,N,Pink No Information,,17.85,2019-08-07,18,2019-08-07,17.925,17.7,19,17.3,17.85,17.6,2019-08-05,191606,3403646.9018,262,843073.53,46910,176,,,711323,2019-07-15,18,15,22,17.85,OTC Link,18,2019-08-07,OTC Link,Active,48692992,2017-04-30
SMCI,2019-08-08,118059,667688,86800U104,SUPER MICRO COMPUTER INC,OTC Link,Common Stock,,N,Pink No Information,,17.04,2019-08-08,17.15,2019-08-08,17.095,17.71,18.1,17,17.99,17.85,2019-08-06,64234,1123771.88,137,221579.74,12697,52,,,711323,2019-07-15,18,15,22,17.04,OTC Link,17.15,2019-08-08,OTC Link,Active,48692992,2017-04-30
SMCI,2019-08-09,118059,667688,86800U104,SUPER MICRO COMPUTER INC,OTC Link,Common Stock,,N,Pink No Information,,16.9,2019-08-09,17.15,2019-08-09,17.025,17.35,18.1,16.9,17.09,17.99,2019-08-07,103975,1796670.4040000003,120,253250.91,14765,64,,,711323,2019-07-15,18,16,22,16.9,OTC Link,17.15,2019-08-09,OTC Link,Active,48692992,2017-04-30
SMCI,2019-08-12,118059,667688,86800U104,SUPER MICRO COMPUTER INC,OTC Link,Common Stock,,N,Pink No Information,,16.75,2019-08-12,17,2019-08-12,16.875,17.03,17.59,16.64,16.99,17.09,2019-08-08,66170,1114536.1279999998,169,448850.49,26658,86,,,711323,2019-07-15,18,15,22,16.75,OTC Link,17,2019-08-12,OTC Link,Active,48692992,2017-04-30
SMCI,2019-08-13,118059,667688,86800U104,SUPER MICRO COMPUTER INC,OTC Link,Common Stock,,N,Pink No Information,,17,2019-08-13,17.03,2019-08-13,17.015,17,17.2,17,17,16.99,2019-08-11,42419,723388.8380000003,106,254959.18,14942,22,,,711323,2019-07-15,,,22,,,,2019-08-13,,Active,48692992,2017-04-30
SMCI,2019-08-14,118059,667688,86800U104,SUPER MICRO COMPUTER INC,OTC Link,Common Stock,,N,Pink No Information,,16.61,2019-08-14,16.8,2019-08-14,16.705,16.8,16.99,16.5,16.8,17,2019-08-12,78602,1314459.3150000002,130,819353.23,48962,70,,,711323,2019-07-15,18,16,22,16.61,OTC Link,16.8,2019-08-14,OTC Link,Active,48692992,2017-04-30
SMCI,2019-08-15,118059,667688,86800U104,SUPER MICRO COMPUTER INC,OTC Link,Common Stock,,N,Pink No Information,,16.32,2019-08-15,16.36,2019-08-15,16.34,16.7,17,16.31,16.34,16.8,2019-08-13,366025,6138083.684000001,239,2029942.35,120950,125,,,711323,2019-07-15,18,16,22,16.32,OTC Link,16.36,2019-08-15,OTC Link,Active,48692992,2017-04-30
SMCI,2019-08-16,118059,667688,86800U104,SUPER MICRO COMPUTER INC,OTC Link,Common Stock,,N,Pink No Information,,19.01,2019-08-16,19.31,2019-08-16,19.16,16.9,19.6,16.9,19.3,16.34,2019-08-14,336609,6388123.484400002,547,1854780.65,97901,254,,,711323,2019-07-15,19,16,22,19.01,OTC Link,19.31,2019-08-16,OTC Link,Active,48692992,2017-04-30
SMCI,2019-08-19,118059,667688,86800U104,SUPER MICRO COMPUTER INC,OTC Link,Common Stock,,N,Pink No Information,,19.6,2019-08-19,19.69,2019-08-19,19.645,19.3,19.71,19.05,19.6,19.3,2019-08-15,69143,1342605.6343999999,137,613523.75,31645,74,,,689035,2019-07-31,19,16,22,19.6,OTC Link,19.69,2019-08-19,OTC Link,Active,48692992,2017-04-30
SMCI,2019-08-20,118059,667688,86800U104,SUPER MICRO COMPUTER INC,OTC Link,Common Stock,,N,Pink No Information,,19.51,2019-08-20,19.99,2019-08-20,19.75,19.745,19.93,19.4,19.93,19.6,2019-08-18,44739,879640.4385,81,590926.43,30087,44,,,689035,2019-07-31,19,15,22,19.51,OTC Link,19.99,2019-08-20,OTC Link,Active,48692992,2017-04-30
SMCI,2019-08-21,118059,667688,86800U104,SUPER MICRO COMPUTER INC,OTC Link,Common Stock,,N,Pink No Information,,19.8,2019-08-21,19.95,2019-08-21,19.875,19.6,20,19.6,19.95,19.93,2019-08-19,37802,751088.3149999998,89,569701.2,28668,64,,,689035,2019-07-31,19,15,22,19.8,OTC Link,19.95,2019-08-21,OTC Link,Active,48692992,2017-04-30
SMCI,2019-08-22,118059,667688,86800U104,SUPER MICRO COMPUTER INC,OTC Link,Common Stock,,N,Pink No Information,,19.95,2019-08-22,20.05,2019-08-22,20,19.94,20.09,19.85,20,19.95,2019-08-20,77141,1539892.731,202,616849.69,30900,83,,,689035,2019-07-31,19,15,22,19.95,OTC Link,20.05,2019-08-22,OTC Link,Active,48692992,2017-04-30
SMCI,2019-08-23,118059,667688,86800U104,SUPER MICRO COMPUTER INC,OTC Link,Common Stock,,N,Pink No Information,,19.16,2019-08-23,19.35,2019-08-23,19.255,19.95,19.99,19.1,19.35,20,2019-08-21,102461,2026604.3600000003,147,394494.98,20079,43,,,689035,2019-07-31,20,16,22,19.16,OTC Link,19.35,2019-08-23,OTC Link,Active,48692992,2017-04-30
SMCI,2019-08-26,118059,667688,86800U104,SUPER MICRO COMPUTER INC,OTC Link,Common Stock,,N,Pink No Information,,19.15,2019-08-26,19.32,2019-08-26,19.235,19.35,19.8,19.15,19.32,19.35,2019-08-22,47962,930424.1699999999,74,364674.83,18805,28,,,689035,2019-07-31,20,16,22,19.15,OTC Link,19.32,2019-08-26,OTC Link,Active,48692992,2017-04-30
SMCI,2019-08-27,118059,667688,86800U104,SUPER MICRO COMPUTER INC,OTC Link,Common Stock,,N,Pink No Information,,19,2019-08-27,19.05,2019-08-27,19.025,19.22,19.35,18.61,19.05,19.32,2019-08-25,13605,258250.58,41,196270.9,10338,23,,,689035,2019-07-31,20,16,22,19,OTC Link,19.05,2019-08-27,OTC Link,Active,48692992,2017-04-30
SMCI,2019-08-28,118059,667688,86800U104,SUPER MICRO COMPUTER INC,OTC Link,Common Stock,,N,Pink No Information,,19.01,2019-08-28,19.25,2019-08-28,19.13,18.6,19.5,18.5,19.4,19.05,2019-08-26,10419,196978.7194,42,108503.54,5733,16,,,689035,2019-07-31,20,16,22,19.01,OTC Link,19.25,2019-08-28,OTC Link,Active,48692992,2017-04-30
SMCI,2019-08-29,118059,667688,86800U104,SUPER MICRO COMPUTER INC,OTC Link,Common Stock,,N,Pink No Information,,19.33,2019-08-29,19.7,2019-08-29,19.515,19,19.78,19,19.58,19.4,2019-08-27,22445,437065.3099999999,57,231731.2,11976,26,,,613048,2019-08-15,20,15,22,19.33,OTC Link,19.7,2019-08-29,OTC Link,Active,48692992,2017-04-30
SMCI,2019-08-30,118059,667688,86800U104,SUPER MICRO COMPUTER INC,OTC Link,Common Stock,,N,Pink No Information,,18.71,2019-08-30,19,2019-08-30,18.855,19.35,19.35,18.5201,18.9,19.58,2019-08-28,81790,1565716.9197,126,778529.45,40564,67,,,613048,2019-08-15,20,15,22,18.71,OTC Link,19,2019-08-30,OTC Link,Active,48692992,2017-04-30
SMCI,2019-09-03,118059,667688,86800U104,SUPER MICRO COMPUTER INC,OTC Link,Common Stock,,N,Pink No Information,,18.39,2019-09-03,18.72,2019-09-03,18.555,18.75,18.88,18.1,18.42,18.9,2019-08-29,82180,1509681.4145999998,114,568225.68,30933,50,,,613048,2019-08-15,20,16,22,18.39,OTC Link,18.72,2019-09-03,OTC Link,Active,48692992,2017-04-30
SMCI,2019-09-04,118059,667688,86800U104,SUPER MICRO COMPUTER INC,OTC Link,Common Stock,,N,Pink No Information,,18.55,2019-09-04,18.78,2019-09-04,18.665,18.42,18.65,18.26,18.55,18.42,2019-09-02,36829,681113.06,68,111556.58,6050,20,,,613048,2019-08-15,20,16,22,18.55,OTC Link,18.78,2019-09-04,OTC Link,Active,48692992,2017-04-30
SMCI,2019-09-05,118059,667688,86800U104,SUPER MICRO COMPUTER INC,OTC Link,Common Stock,,N,Pink No Information,,18.85,2019-09-05,18.97,2019-09-05,18.91,18.56,18.95,18.56,18.85,18.55,2019-09-03,111075,2091678.8399999999,136,719137.7,38227,62,,,613048,2019-08-15,20,16,22,18.85,OTC Link,18.97,2019-09-05,OTC Link,Active,48692992,2017-04-30
SMCI,2019-09-06,118059,667688,86800U104,SUPER MICRO COMPUTER INC,OTC Link,Common Stock,,N,Pink No Information,,19.1,2019-09-06,19.24,2019-09-06,19.17,18.8501,19.24,18.8501,19.24,18.85,2019-09-04,46771,886936.4073000001,32,54502.57,2861,13,,,613048,2019-08-15,19,14,22,19.1,OTC Link,19.24,2019-09-06,OTC Link,Active,48692992,2017-04-30
SMCI,2019-09-09,118059,667688,86800U104,SUPER MICRO COMPUTER INC,OTC Link,Common Stock,,N,Pink No Information,,19.4,2019-09-09,19.41,2019-09-09,19.405,19.1,19.75,19.05,19.4,19.24,2019-09-05,78202,1510291.1449999998,79,494507.24,25522,49,,,613048,2019-08-15,19,15,22,19.4,OTC Link,19.41,2019-09-09,OTC Link,Active,48692992,2017-04-30
SMCI,2019-09-10,118059,667688,86800U104,SUPER MICRO COMPUTER INC,OTC Link,Common Stock,,N,Pink No Information,,19.28,2019-09-10,19.29,2019-09-10,19.285,19.4,19.4,19.17,19.29,19.4,2019-09-08,64892,1253222.7954,73,610819.14,31619,43,,,613048,2019-08-15,19,15,22,19.28,OTC Link,19.29,2019-09-10,OTC Link,Active,48692992,2017-04-30
SMCI,2019-09-11,118059,667688,86800U104,SUPER MICRO COMPUTER INC,OTC Link,Common Stock,,N,Pink No Information,,19.01,2019-09-11,19.1,2019-09-11,19.055,19.3,19.3,19.01,19.1,19.29,2019-09-09,278532,5345571.3207,89,805743,42040,56,,,613048,2019-08-15,19,16,22,19.01,OTC Link,19.1,2019-09-11,OTC Link,Active,48692992,2017-04-30
SMCI,2019-09-12,118059,667688,86800U104,SUPER MICRO COMPUTER INC,OTC Link,Common Stock,,N,Pink No Information,,19.05,2019-09-12,19.1,2019-09-12,19.075,19,19.4,19,19.02,19.1,2019-09-10,67670,1299028.0411999999,111,335535.7,17474,53,,,613048,2019-08-15,19,16,22,19.05,OTC Link,19.1,2019-09-12,OTC Link,Active,48692992,2017-04-30
SMCI,2019-09-13,118059,667688,86800U104,SUPER MICRO COMPUTER INC,OTC Link,Common Stock,,N,Pink No Information,,18.98,2019-09-13,19.05,2019-09-13,19.015,19.1,19.25,18.9,19.1,19.02,2019-09-11,93552,1782560.4299999997,104,670594.44,35181,57,,,613048,2019-08-15,19,15,22,18.98,OTC Link,19.05,2019-09-13,OTC Link,Active,48692992,2017-04-30
SMCI,2019-09-16,118059,667688,86800U104,SUPER MICRO COMPUTER INC,OTC Link,Common Stock,,N,Pink No Information,,19.2,2019-09-16,19.55,2019-09-16,19.375,19.1,19.5,18.7,19.3,19.1,2019-09-12,32796,627905.38,104,172556.17,8933,31,,,613048,2019-08-15,19,15,22,19.2,OTC Link,19.55,2019-09-16,OTC Link,Active,48692992,2017-04-30
SMCI,2019-09-17,118059,667688,86800U104,SUPER MICRO COMPUTER INC,OTC Link,Common Stock,,N,Pink No Information,,19.53,2019-09-17,19.6,2019-09-17,19.565,19.5,19.72,19.5,19.53,19.3,2019-09-15,56849,1109521.9944,59,350259.62,17955,35,,,613048,2019-08-15,19,15,22,19.53,OTC Link,19.6,2019-09-17,OTC Link,Active,48692992,2017-04-30
SMCI,2019-09-18,118059,667688,86800U104,SUPER MICRO COMPUTER INC,OTC Link,Common Stock,,N,Pink No Information,,19.55,2019-09-18,19.67,2019-09-18,19.61,19.55,19.68,19.02,19.68,19.53,2019-09-16,93011,1815152.3311999997,55,254776.01,13048,26,,,613048,2019-08-15,19,15,22,19.55,OTC Link,19.67,2019-09-18,OTC Link,Active,48692992,2017-04-30
SMCI,2019-09-19,118059,667688,86800U104,SUPER MICRO COMPUTER INC,OTC Link,Common Stock,,N,Pink No Information,,19.55,2019-09-19,19.59,2019-09-19,19.57,19.6,19.7,19.5,19.55,19.68,2019-09-17,20981,410608.8680000001,53,130822.68,6683,27,,,613048,2019-08-15,19,15,22,19.55,OTC Link,19.59,2019-09-19,OTC Link,Active,48692992,2017-04-30
SMCI,2019-09-20,118059,667688,86800U104,SUPER MICRO COMPUTER INC,OTC Link,Common Stock,,N,Pink No Information,,19.61,2019-09-20,19.75,2019-09-20,19.68,19.55,19.75,19.55,19.75,19.55,2019-09-18,60339,1182941.7856,64,403765.05,20606,41,,,613048,2019-08-15,19,15,22,19.61,OTC Link,19.75,2019-09-20,OTC Link,Active,48692992,2017-04-30
SMCI,2019-09-23,118059,667688,86800U104,SUPER MICRO COMPUTER INC,OTC Link,Common Stock,,N,Pink No Information,,19.6,2019-09-23,19.61,2019-09-23,19.605,19.65,19.89,19.6,19.61,19.75,2019-09-19,157148,3086571.2688000007,59,371505.4,18941,29,,,613048,2019-08-15,19,15,22,19.6,OTC Link,19.61,2019-09-23,OTC Link,Active,48692992,2017-04-30
SMCI,2019-09-24,118059,667688,86800U104,SUPER MICRO COMPUTER INC,OTC Link,Common Stock,,N,Pink No Information,,19.3,2019-09-24,19.58,2019-09-24,19.44,19.58,19.65,19.31,19.58,19.61,2019-09-22,265199,5195468.671400001,140,4123840.96,210401,59,,,613048,2019-08-15,19,15,22,19.3,OTC Link,19.58,2019-09-24,OTC Link,Active,48692992,2017-04-30
SMCI,2019-09-25,118059,667688,86800U104,SUPER MICRO COMPUTER INC,OTC Link,Common Stock,,N,Pink No Information,,19.28,2019-09-25,19.3,2019-09-25,19.29,19.3,19.3,18.57,19.28,19.58,2019-09-23,20311,383745.7306,51,146402.89,7749,22,,,337830,2019-08-30,19,16,22,19.28,OTC Link,19.3,2019-09-25,OTC Link,Active,48692992,2017-04-30
SMCI,2019-09-26,118059,667688,86800U104,SUPER MICRO COMPUTER INC,OTC Link,Common Stock,,N,Pink No Information,,18.8,2019-09-26,19,2019-09-26,18.9,18.99,19.25,18.75,18.84,19.28,2019-09-25,73274,1390269.527,50,508413.25,26757,26,,,337830,2019-09-13,18,16,22,18.8,OTC Link,19,2019-09-26,OTC Link,Active,48692992,2017-04-30
SMCI,2019-09-27,118059,667688,86800U104,SUPER MICRO COMPUTER INC,OTC Link,Common Stock,,N,Pink No Information,,19.05,2019-09-27,19.1,2019-09-27,19.075,,,,,,,,,,303809.06,15948,46,,,337830,2019-09-13,18,16,22,19.05,OTC Link,19.1,2019-09-27,OTC Link,Active,48692992,2017-04-30
SMCI,2019-09-30,118059,667688,86800U104,SUPER MICRO COMPUTER INC,OTC Link,Common Stock,,N,Pink No Information,,19.01,2019-09-30,19.2,2019-09-30,19.105,18.85,19.24,18.85,19.2,19.1,2019-09-27,16081,307454.494,51,111732.62,5841,23,,,337830,2019-09-13,18,16,22,19.01,OTC Link,19.2,2019-09-30,OTC Link,Active,48692992,2017-04-30
SMCI,2019-10-01,118059,667688,86800U104,SUPER MICRO COMPUTER INC,OTC Link,Common Stock,,N,Pink No Information,,19.2,2019-10-01,19.35,2019-10-01,19.275,19.2,19.48,19.1,19.4,19.2,2019-09-30,194522,3757477.635,59,257381.23,13365,24,,,337830,2019-09-13,18,16,22,19.2,OTC Link,19.35,2019-10-01,OTC Link,Active,48692992,2017-04-30
SMCI,2019-10-02,118059,667688,86800U104,SUPER MICRO COMPUTER INC,OTC Link,Common Stock,,N,Pink No Information,,19.25,2019-10-02,19.28,2019-10-02,19.265,19.2,19.25,19.05,19.25,19.4,2019-10-01,16531,316805.12,32,68986.58,3592,6,,,337830,2019-09-13,18,15,22,19.25,OTC Link,19.28,2019-10-02,OTC Link,Active,48692992,2017-04-30
SMCI,2019-10-03,118059,667688,86800U104,SUPER MICRO COMPUTER INC,OTC Link,Common Stock,,N,Pink No Information,,19.15,2019-10-03,19.24,2019-10-03,19.195,19.15,19.25,19.1,19.2,19.25,2019-10-02,49154,942956.79,190,564170.29,29400,143,,,337830,2019-09-13,18,15,22,19.15,OTC Link,19.24,2019-10-03,OTC Link,Active,48692992,2017-04-30
SMCI,2019-10-04,118059,667688,86800U104,SUPER MICRO COMPUTER INC,OTC Link,Common Stock,,N,Pink No Information,,19.2,2019-10-04,19.48,2019-10-04,19.34,19.15,19.45,19.05,19.35,19.2,2019-10-03,29844,571847.626,57,324852.6,16954,26,,,337830,2019-09-13,18,15,22,19.2,OTC Link,19.48,2019-10-04,OTC Link,Active,48692992,2017-04-30
SMCI,2019-10-07,118059,667688,86800U104,SUPER MICRO COMPUTER INC,OTC Link,Common Stock,,N,Pink No Information,,19.28,2019-10-07,19.4,2019-10-07,19.34,19.15,19.48,19.15,19.4,19.35,2019-10-04,293331,5650864.49,267,2320369.7,120467,126,,,337830,2019-09-13,18,15,22,19.28,OTC Link,19.4,2019-10-07,OTC Link,Active,48692992,2017-04-30
SMCI,2019-10-08,118059,667688,86800U104,SUPER MICRO COMPUTER INC,OTC Link,Common Stock,,N,Pink No Information,,19.01,2019-10-08,19.1,2019-10-08,19.055,19.308,19.35,19,19.01,19.4,2019-10-07,133339,2560113.7354,145,967712.66,50319,82,,,337830,2019-09-13,18,15,22,19.01,OTC Link,19.1,2019-10-08,OTC Link,Active,48692992,2017-04-30
SMCI,2019-10-09,118059,667688,86800U104,SUPER MICRO COMPUTER INC,OTC Link,Common Stock,,N,Pink No Information,,18.99,2019-10-09,19.03,2019-10-09,19.01,19.055,19.055,18.86,19,19.01,2019-10-08,80868,1536655.7,90,825317.84,43446,39,,,337830,2019-09-13,18,15,22,18.99,OTC Link,19.03,2019-10-09,OTC Link,Active,48692992,2017-04-30
SMCI,2019-10-10,118059,667688,86800U104,SUPER MICRO COMPUTER INC,OTC Link,Common Stock,,N,Pink No Information,,18.8,2019-10-10,19,2019-10-10,18.9,18.99,19,18.7601,19,19,2019-10-09,19786,373277.4286,33,49239.77,2603,15,,,337830,2019-09-13,18,15,22,18.8,OTC Link,19,2019-10-10,OTC Link,Active,48692992,2017-04-30
SMCI,2019-10-11,118059,667688,86800U104,SUPER MICRO COMPUTER INC,OTC Link,Common Stock,,N,Pink No Information,,18.75,2019-10-11,18.9,2019-10-11,18.825,18.905,19,18.75,18.7604,19,2019-10-10,29880,563743.1452,82,163962.89,8686,31,,,337830,2019-09-13,18,15,22,18.75,OTC Link,18.9,2019-10-11,OTC Link,Active,48692992,2017-04-30
SMCI,2019-10-14,118059,667688,86800U104,SUPER MICRO COMPUTER INC,OTC Link,Common Stock,,N,Pink No Information,,18.73,2019-10-14,18.8,2019-10-14,18.765,18.75,18.85,18.55,18.75,18.7604,2019-10-11,51577,963602.8512,160,488729.1,26164,94,,,337830,2019-09-13,18,15,22,18.73,OTC Link,18.8,2019-10-14,OTC Link,Active,48692992,2017-04-30
SMCI,2019-10-15,118059,667688,86800U104,SUPER MICRO COMPUTER INC,OTC Link,Common Stock,,N,Pink No Information,,18.62,2019-10-15,18.82,2019-10-15,18.72,18.76,18.85,18.62,18.82,18.75,2019-10-14,126567,2378638.178,96,1597299.74,84974,58,,,337830,2019-09-13,18,15,22,18.62,OTC Link,18.82,2019-10-15,OTC Link,Active,48692992,2017-04-30
SMCI,2019-10-16,118059,667688,86800U104,SUPER MICRO COMPUTER INC,OTC Link,Common Stock,,N,Pink No Information,,19.43,2019-10-16,19.49,2019-10-16,19.46,18.99,19.45,18.62,19.43,18.82,2019-10-15,160515,3092624.944,225,1214434.55,62952,118,,,337830,2019-09-13,18,15,22,19.43,OTC Link,19.49,2019-10-16,OTC Link,Active,48692992,2017-04-30
SMCI,2019-10-17,118059,667688,86800U104,SUPER MICRO COMPUTER INC,OTC Link,Common Stock,,N,Pink No Information,,19.49,2019-10-17,19.55,2019-10-17,19.52,19.49,19.68,19.49,19.55,19.43,2019-10-16,106013,2076340.6864,124,289339.19,14802,57,,,337830,2019-09-13,18,15,22,19.49,OTC Link,19.55,2019-10-17,OTC Link,Active,48692992,2017-04-30
SMCI,2019-10-18,118059,667688,86800U104,SUPER MICRO COMPUTER INC,OTC Link,Common Stock,,N,Pink No Information,,19.2,2019-10-18,19.52,2019-10-18,19.36,19.74,19.75,19.2,19.2,19.55,2019-10-17,58789,1152367.6324,96,642581.75,32748,57,,,337830,2019-09-13,18,15,22,19.2,OTC Link,19.52,2019-10-18,OTC Link,Active,48692992,2017-04-30
SMCI,2019-10-21,118059,667688,86800U104,SUPER MICRO COMPUTER INC,OTC Link,Common Stock,,N,Pink No Information,,19.71,2019-10-21,19.74,2019-10-21,19.725,19.76,19.76,19.26,19.71,19.2,2019-10-18,165235,3263108.177,45,192609.6,9790,18,,,337830,2019-09-13,18,15,22,19.71,OTC Link,19.74,2019-10-21,OTC Link,Active,48692992,2017-04-30
SMCI,2019-10-22,118059,667688,86800U104,SUPER MICRO COMPUTER INC,OTC Link,Common Stock,,N,Pink No Information,,19.92,2019-10-22,19.95,2019-10-22,19.935,19.72,20.02,19.71,19.94,19.71,2019-10-21,71343,1421985.4733,86,282413.95,14169,33,,,337830,2019-09-13,18,15,22,19.92,OTC Link,19.95,2019-10-22,OTC Link,Active,48692992,2017-04-30
SMCI,2019-10-23,118059,667688,86800U104,SUPER MICRO COMPUTER INC,OTC Link,Common Stock,,N,Pink No Information,,19.97,2019-10-23,19.98,2019-10-23,19.975,19.95,19.99,19.51,19.975,19.94,2019-10-22,22655,451533.6064,80,235156.02,11800,30,,,337830,2019-09-13,18,15,22,19.97,OTC Link,19.98,2019-10-23,OTC Link,Active,48692992,2017-04-30
SMCI,2019-10-24,118059,667688,86800U104,SUPER MICRO COMPUTER INC,OTC Link,Common Stock,,N,Pink No Information,,20.5,2019-10-24,20.6,2019-10-24,20.55,19.98,20.85,19.9,20.6,19.975,2019-10-23,41201,838134.4185,97,384621.15,18936,48,,,337830,2019-09-13,18,16,22,20.5,OTC Link,20.6,2019-10-24,OTC Link,Active,48692992,2017-04-30
SMCI,2019-10-25,118059,667688,86800U104,SUPER MICRO COMPUTER INC,OTC Link,Common Stock,,N,Pink No Information,,20.8,2019-10-25,20.87,2019-10-25,20.835,20.85,20.93,20.37,20.87,20.6,2019-10-24,69974,1446001.345,99,424635.8,20556,55,,,337830,2019-09-13,18,15,22,20.8,OTC Link,20.87,2019-10-25,OTC Link,Active,48692992,2017-04-30
SMCI,2019-10-28,118059,667688,86800U104,SUPER MICRO COMPUTER INC,OTC Link,Common Stock,,N,Pink No Information,,21.2,2019-10-28,21.4,2019-10-28,21.3,20.86,21.4,20.86,21.2,20.87,2019-10-25,252702,5330091.729,257,1514088.84,71897,169,,,337830,2019-09-13,18,15,22,21.2,OTC Link,21.4,2019-10-28,OTC Link,Active,48692992,2017-04-30
SMCI,2019-10-29,118059,667688,86800U104,SUPER MICRO COMPUTER INC,OTC Link,Common Stock,,N,Pink No Information,,21,2019-10-29,21.38,2019-10-29,21.19,21,21.442,21,21.01,21.2,2019-10-28,103294,2197558.41,123,351209.4,16470,45,,,330328,2019-09-30,18,15,22,21,OTC Link,21.38,2019-10-29,OTC Link,Active,48692992,2017-04-30
SMCI,2019-10-30,118059,667688,86800U104,SUPER MICRO COMPUTER INC,OTC Link,Common Stock,,N,Pink No Information,,20.37,2019-10-30,21.25,2019-10-30,20.81,21,21.25,20.37,20.37,21.01,2019-10-29,125397,2629842.405,140,410387.05,19649,69,,,330328,2019-09-30,17,14,22,20.37,OTC Link,21.25,2019-10-30,OTC Link,Active,48692992,2017-04-30
SMCI,2019-10-31,118059,667688,86800U104,SUPER MICRO COMPUTER INC,OTC Link,Common Stock,,N,Pink No Information,,20.4,2019-10-31,20.68,2019-10-31,20.54,20.38,20.98,20.37,20.68,20.37,2019-10-30,60812,1247111.15,42,53393.4,2590,16,,,323207,2019-10-15,17,15,22,20.4,OTC Link,20.68,2019-10-31,OTC Link,Active,48692992,2017-04-30
SMCI,2019-11-01,118059,667688,86800U104,SUPER MICRO COMPUTER INC,OTC Link,Common Stock,,N,Pink No Information,,20.4,2019-11-01,20.5,2019-11-01,20.45,20.5,20.6,20.3,20.5,20.68,2019-10-31,168600,3455466.955,81,591243.16,28854,37,,,323207,2019-10-15,18,16,22,20.4,OTC Link,20.5,2019-11-01,OTC Link,Active,48692992,2017-04-30
SMCI,2019-11-04,118059,667688,86800U104,SUPER MICRO COMPUTER INC,OTC Link,Common Stock,,N,Pink No Information,,20.4,2019-11-04,20.95,2019-11-04,20.675,20.5,20.6,20.455,20.53,20.5,2019-11-01,46525,956490.8134,69,476574.18,23176,32,,,323207,2019-10-15,18,16,22,20.4,OTC Link,20.95,2019-11-04,OTC Link,Active,48692992,2017-04-30
SMCI,2019-11-05,118059,667688,86800U104,SUPER MICRO COMPUTER INC,OTC Link,Common Stock,,N,Pink No Information,,20.8,2019-11-05,20.95,2019-11-05,20.875,20.4,21.35,20.4,20.8,20.53,2019-11-04,52149,1094373.28,107,509294.25,24316,34,,,323207,2019-10-15,18,16,22,20.8,OTC Link,20.95,2019-11-05,OTC Link,Active,48692992,2017-04-30
SMCI,2019-11-06,118059,667688,86800U104,SUPER MICRO COMPUTER INC,OTC Link,Common Stock,,N,Pink No Information,,20.7,2019-11-06,20.9,2019-11-06,20.8,20.9,21.1,20.7,20.7,20.8,2019-11-05,28717,603497.6556,56,461502,21957,29,,,323207,2019-10-15,18,16,22,20.7,OTC Link,20.9,2019-11-06,OTC Link,Active,48692992,2017-04-30
SMCI,2019-11-07,118059,667688,86800U104,SUPER MICRO COMPUTER INC,OTC Link,Common Stock,,N,Pink No Information,,20.9,2019-11-07,20.98,2019-11-07,20.94,20.01,20.98,20.01,20.9,20.7,2019-11-06,63430,1328942.324,53,288210.66,13759,11,,,323207,2019-10-15,18,16,22,20.9,OTC Link,20.98,2019-11-07,OTC Link,Active,48692992,2017-04-30
SMCI,2019-11-08,118059,667688,86800U104,SUPER MICRO COMPUTER INC,OTC Link,Common Stock,,N,Pink No Information,,21,2019-11-08,21.25,2019-11-08,21.125,20.98,21.25,20.9,21.25,20.9,2019-11-07,74166,1564818.55,62,1296232.75,61463,25,,,323207,2019-10-15,18,16,22,21,OTC Link,21.25,2019-11-08,OTC Link,Active,48692992,2017-04-30
SMCI,2019-11-11,118059,667688,86800U104,SUPER MICRO COMPUTER INC,OTC Link,Common Stock,,N,Pink No Information,,21.37,2019-11-11,21.45,2019-11-11,21.41,21,21.9,21,21.37,21.25,2019-11-08,70776,1505106.303,88,1029840.46,48412,53,,,323207,2019-10-15,18,16,22,21.37,OTC Link,21.45,2019-11-11,OTC Link,Active,48692992,2017-04-30
SMCI,2019-11-12,118059,667688,86800U104,SUPER MICRO COMPUTER INC,OTC Link,Common Stock,,N,Pink No Information,,21.41,2019-11-12,21.5,2019-11-12,21.455,21.37,21.5,21.35,21.45,21.37,2019-11-11,41146,882523.63,68,524084.91,24430,37,,,306999,2019-10-31,18,16,22,21.41,OTC Link,21.5,2019-11-12,OTC Link,Active,48692992,2017-04-30
SMCI,2019-11-13,118059,667688,86800U104,SUPER MICRO COMPUTER INC,OTC Link,Common Stock,,N,Pink No Information,,21.48,2019-11-13,21.5,2019-11-13,21.49,21.37,21.55,21.35,21.5,21.45,2019-11-12,45755,980957.48,67,666744.46,31092,47,,,306999,2019-10-31,18,16,22,21.48,OTC Link,21.5,2019-11-13,OTC Link,Active,48692992,2017-04-30
SMCI,2019-11-14,118059,667688,86800U104,SUPER MICRO COMPUTER INC,OTC Link,Common Stock,,N,Pink No Information,,21.15,2019-11-14,21.55,2019-11-14,21.35,21.35,21.55,21,21.55,21.5,2019-11-13,139739,2947199.713,127,610736.24,28764,59,,,306999,2019-10-31,18,16,22,21.15,OTC Link,21.55,2019-11-14,OTC Link,Active,48692992,2017-04-30
SMCI,2019-11-15,118059,667688,86800U104,SUPER MICRO COMPUTER INC,OTC Link,Common Stock,,N,Pink No Information,,21.95,2019-11-15,22.18,2019-11-15,22.065,21.55,22.49,21.5,22.18,21.55,2019-11-14,146009,3216306.956,292,2296862.36,104122,120,,,306999,2019-10-31,18,16,22,21.95,OTC Link,22.18,2019-11-15,OTC Link,Active,48692992,2017-04-30
SMCI,2019-11-18,118059,667688,86800U104,SUPER MICRO COMPUTER INC,OTC Link,Common Stock,,N,Pink No Information,,21.6,2019-11-18,21.99,2019-11-18,21.795,21.6,22.05,21.6,21.87,22.18,2019-11-15,64550,1415919.512,132,835104,38063,61,,,306999,2019-10-31,18,16,22,21.6,OTC Link,21.99,2019-11-18,OTC Link,Active,48692992,2017-04-30
SMCI,2019-11-19,118059,667688,86800U104,SUPER MICRO COMPUTER INC,OTC Link,Common Stock,,N,Pink No Information,,21.45,2019-11-19,21.55,2019-11-19,21.5,21.6,21.87,21.3,21.45,21.87,2019-11-18,32295,694910.3238,112,339169.03,15752,42,,,306999,2019-10-31,18,16,22,21.45,OTC Link,21.55,2019-11-19,OTC Link,Active,48692992,2017-04-30
SMCI,2019-11-20,118059,667688,86800U104,SUPER MICRO COMPUTER INC,OTC Link,Common Stock,,N,Pink No Information,,21.04,2019-11-20,21.1,2019-11-20,21.07,21.3,21.5,20.9,21.1,21.45,2019-11-19,39318,831910.365,148,403500.94,19116,67,,,306999,2019-10-31,18,16,22,21.04,OTC Link,21.1,2019-11-20,OTC Link,Active,48692992,2017-04-30
SMCI,2019-11-21,118059,667688,86800U104,SUPER MICRO COMPUTER INC,OTC Link,Common Stock,,N,Pink No Information,,20.65,2019-11-21,21,2019-11-21,20.825,22.05,22.05,20.4,21,21.1,2019-11-20,34054,708153.786,132,527333.99,25360,104,,,306999,2019-10-31,18,16,22,20.65,OTC Link,21,2019-11-21,OTC Link,Active,48692992,2017-04-30
SMCI,2019-11-22,118059,667688,86800U104,SUPER MICRO COMPUTER INC,OTC Link,Common Stock,,N,Pink No Information,,21,2019-11-22,21.35,2019-11-22,21.175,20.5,21.3,20.27,21,21,2019-11-21,87365,1828344.7456,73,220515.9,10671,39,,,306999,2019-10-31,18,16,22,21,OTC Link,21.35,2019-11-22,OTC Link,Active,48692992,2017-04-30
SMCI,2019-11-25,118059,667688,86800U104,SUPER MICRO COMPUTER INC,OTC Link,Common Stock,,N,Pink No Information,,21.05,2019-11-25,21.25,2019-11-25,21.15,21.35,21.35,20.75,21.25,21,2019-11-22,126073,2652520.891,105,590643.1,28094,71,,,306999,2019-10-31,18,16,22,21.05,OTC Link,21.25,2019-11-25,OTC Link,Active,48692992,2017-04-30
SMCI,2019-11-26,118059,667688,86800U104,SUPER MICRO COMPUTER INC,OTC Link,Common Stock,,N,Pink No Information,,21,2019-11-26,21.54,2019-11-26,21.27,21.4,21.55,21.25,21.5,21.25,2019-11-25,211620,4547422.375,124,1306311.98,60768,88,,,247253,2019-11-15,18,16,22,21,OTC Link,21.54,2019-11-26,OTC Link,Active,48692992,2017-04-30
SMCI,2019-11-27,118059,667688,86800U104,SUPER MICRO COMPUTER INC,OTC Link,Common Stock,,N,Pink No Information,,21.5,2019-11-27,21.65,2019-11-27,21.575,21.01,21.5,20.72,21.5,21.5,2019-11-26,12320,262637.24,48,245566.31,11511,29,,,247253,2019-11-15,18,16,22,21.5,OTC Link,21.65,2019-11-27,OTC Link,Active,48692992,2017-04-30
SMCI,2019-11-29,118059,667688,86800U104,SUPER MICRO COMPUTER INC,OTC Link,Common Stock,,N,Pink No Information,,21.3,2019-11-29,21.65,2019-11-29,21.475,21.03,21.64,21,21.3,21.5,2019-11-27,3038,64427.95,17,23246.7,1099,5,,,247253,2019-11-15,18,16,22,21.3,OTC Link,21.65,2019-11-29,OTC Link,Active,48692992,2017-04-30
SMCI,2019-12-02,118059,667688,86800U104,SUPER MICRO COMPUTER INC,OTC Link,Common Stock,,N,Pink No Information,,21.45,2019-12-02,21.48,2019-12-02,21.465,21.3,21.5,21.3,21.495,21.3,2019-11-29,33811,721229.78,42,377575.82,17690,21,,,247253,2019-11-15,18,16,22,21.45,OTC Link,21.48,2019-12-02,OTC Link,Active,48692992,2017-04-30
SMCI,2019-12-03,118059,667688,86800U104,SUPER MICRO COMPUTER INC,OTC Link,Common Stock,,N,Pink No Information,,21.53,2019-12-03,21.6,2019-12-03,21.565,21.25,21.6,21.25,21.6,21.495,2019-12-02,96126,2066498.07,75,359825.72,16731,39,,,247253,2019-11-15,18,16,22,21.53,OTC Link,21.6,2019-12-03,OTC Link,Active,48692992,2017-04-30
SMCI,2019-12-04,118059,667688,86800U104,SUPER MICRO COMPUTER INC,OTC Link,Common Stock,,N,Pink No Information,,21.48,2019-12-04,21.55,2019-12-04,21.515,21.585,21.62,21.45,21.55,21.6,2019-12-03,213052,4584664.015,182,2459393.36,114344,81,,,247253,2019-11-15,18,16,22,21.48,OTC Link,21.55,2019-12-04,OTC Link,Active,48692992,2017-04-30
SMCI,2019-12-05,118059,667688,86800U104,SUPER MICRO COMPUTER INC,OTC Link,Common Stock,,N,Pink No Information,,21.53,2019-12-05,21.55,2019-12-05,21.54,21.5,21.52,21.45,21.5,21.55,2019-12-04,134073,2882406.65,250,2439611.92,113477,189,,,247253,2019-11-15,18,16,22,21.53,OTC Link,21.55,2019-12-05,OTC Link,Active,48692992,2017-04-30
SMCI,2019-12-06,118059,667688,86800U104,SUPER MICRO COMPUTER INC,OTC Link,Common Stock,,N,Pink No Information,,21.5,2019-12-06,21.6,2019-12-06,21.55,21.53,21.6,21.4025,21.6,21.5,2019-12-05,170256,3659997.1305,192,3319329.95,154412,151,,,247253,2019-11-15,18,16,22,21.5,OTC Link,21.6,2019-12-06,OTC Link,Active,48692992,2017-04-30
SMCI,2019-12-09,118059,667688,86800U104,SUPER MICRO COMPUTER INC,OTC Link,Common Stock,,N,Pink No Information,,22.03,2019-12-09,22.08,2019-12-09,22.055,21.6,22.15,21.6,22.03,21.6,2019-12-06,233929,5136252.619,143,1647001,74900,73,,,247253,2019-11-15,18,16,22,22.03,OTC Link,22.08,2019-12-09,OTC Link,Active,48692992,2017-04-30
SMCI,2019-12-10,118059,667688,86800U104,SUPER MICRO COMPUTER INC,OTC Link,Common Stock,,N,Pink No Information,,21.11,2019-12-10,22.05,2019-12-10,21.58,22,22.05,21.11,22,22.03,2019-12-09,236362,5197720.83,97,3892246,176981,74,,,247253,2019-11-15,18,16,22,21.11,OTC Link,22.05,2019-12-10,OTC Link,Active,48692992,2017-04-30
SMCI,2019-12-11,118059,667688,86800U104,SUPER MICRO COMPUTER INC,OTC Link,Common Stock,,N,Pink No Information,,21.5,2019-12-11,21.7,2019-12-11,21.6,20.61,22,20.61,21.7,22,2019-12-10,188523,4119254.468,95,314644.86,14541,53,,,215697,2019-11-30,18,16,22,21.5,OTC Link,21.7,2019-12-11,OTC Link,Active,48692992,2017-04-30
SMCI,2019-12-12,118059,667688,86800U104,SUPER MICRO COMPUTER INC,OTC Link,Common Stock,,N,Pink No Information,,22,2019-12-12,22.1,2019-12-12,22.05,21.7,22,21.7,22,21.7,2019-12-11,78957,1729230.49,87,961267.5,43900,61,,,215697,2019-11-30,18,16,22,22,OTC Link,22.1,2019-12-12,OTC Link,Active,48692992,2017-04-30
SMCI,2019-12-13,118059,667688,86800U104,SUPER MICRO COMPUTER INC,OTC Link,Common Stock,,N,Pink No Information,,22,2019-12-13,22.08,2019-12-13,22.04,22.07,22.09,22,22.06,22,2019-12-12,18702,412115.762,64,133255,6050,14,,,215697,2019-11-30,18,16,22,22,OTC Link,22.08,2019-12-13,OTC Link,Active,48692992,2017-04-30
SMCI,2019-12-16,118059,667688,86800U104,SUPER MICRO COMPUTER INC,OTC Link,Common Stock,,N,Pink No Information,,22.52,2019-12-16,22.6,2019-12-16,22.56,22,22.7,21.95,22.52,22.06,2019-12-13,94544,2123414.235,117,1199407.52,53421,60,,,215697,2019-11-30,18,16,22,22.52,OTC Link,22.6,2019-12-16,OTC Link,Active,48692992,2017-04-30
SMCI,2019-12-17,118059,667688,86800U104,SUPER MICRO COMPUTER INC,OTC Link,Common Stock,,N,Pink No Information,,22.49,2019-12-17,22.5,2019-12-17,22.495,22.55,22.67,22.48,22.5,22.52,2019-12-16,60644,1369413.52,67,1101295.09,48732,47,,,215697,2019-11-30,18,16,22,22.49,OTC Link,22.5,2019-12-17,OTC Link,Active,48692992,2017-04-30
SMCI,2019-12-18,118059,667688,86800U104,SUPER MICRO COMPUTER INC,OTC Link,Common Stock,,N,Pink No Information,,22.25,2019-12-18,22.48,2019-12-18,22.365,22.6,22.63,22.05,22.47,22.5,2019-12-17,19427,434963.57,33,213207.08,9568,19,,,215697,2019-11-30,18,16,22,22.25,OTC Link,22.48,2019-12-18,OTC Link,Active,48692992,2017-04-30
SMCI,2019-12-19,118059,667688,86800U104,SUPER MICRO COMPUTER INC,OTC Link,Common Stock,,N,Pink No Information,,22.63,2019-12-19,22.66,2019-12-19,22.645,22.44,22.8,22.38,22.65,22.47,2019-12-18,123309,2791289.2512,277,891251.49,39369,103,,,215697,2019-11-30,18,16,22,22.63,OTC Link,22.66,2019-12-19,OTC Link,Active,48692992,2017-04-30
SMCI,2019-12-20,118059,667688,86800U104,SUPER MICRO COMPUTER INC,OTC Link,Common Stock,,N,Pink Limited,,24.6,2019-12-20,24.65,2019-12-20,24.625,22.95,25.26,22.91,24.65,22.65,2019-12-19,366422,9078513.6066,707,4652453.93,187574,495,,,215697,2019-11-30,19,16,21,24.6,OTC Link,24.65,2019-12-20,OTC Link,Active,48692992,2017-04-30
SMCI,2019-12-23,118059,667688,86800U104,SUPER MICRO COMPUTER INC,OTC Link,Common Stock,,N,Pink Current,,24.15,2019-12-23,24.2,2019-12-23,24.175,24.8,25.25,23.35,24.2,24.65,2019-12-20,214876,5216425.2592,349,2383300.5,97919,209,,,215697,2019-11-30,18,16,20,24.15,OTC Link,24.2,2019-12-23,OTC Link,Active,49881914,2019-03-31
SMCI,2019-12-24,118059,667688,86800U104,SUPER MICRO COMPUTER INC,OTC Link,Common Stock,,N,Pink Current,,23.9,2019-12-24,24,2019-12-24,23.95,24.08,24.08,23.8,23.9,24.2,2019-12-23,517696,12375455.23,91,780099.8,32587,43,,,215697,2019-11-30,18,16,20,23.9,OTC Link,24,2019-12-24,OTC Link,Active,50085282,2019-11-30
SMCI,2019-12-26,118059,667688,86800U104,SUPER MICRO COMPUTER INC,OTC Link,Common Stock,,N,Pink Current,,23.66,2019-12-26,23.8,2019-12-26,23.73,23.51,23.9,23.5,23.8,23.9,2019-12-24,176999,4206365.235,86,2727350.68,114653,51,,,210622,2019-12-13,17,16,20,23.66,OTC Link,23.8,2019-12-26,OTC Link,Active,50085282,2019-11-30
SMCI,2019-12-27,118059,667688,86800U104,SUPER MICRO COMPUTER INC,OTC Link,Common Stock,,N,Pink Current,,24.09,2019-12-27,24.1,2019-12-27,24.095,23.5,24.3,23.5,24.1,23.8,2019-12-26,427261,10260318.07,305,4748048.29,197755,188,,,210622,2019-12-13,17,16,20,24.09,OTC Link,24.1,2019-12-27,OTC Link,Active,50085282,2019-11-30
SMCI,2019-12-30,118059,667688,86800U104,SUPER MICRO COMPUTER INC,OTC Link,Common Stock,,N,Pink Current,,24,2019-12-30,24.05,2019-12-30,24.025,24.15,24.19,23.99,24,24.1,2019-12-27,121097,2919188.0829,191,513125.42,21298,114,,,210622,2019-12-13,17,16,20,24,OTC Link,24.05,2019-12-30,OTC Link,Active,50085282,2019-11-30
SMCI,2019-12-31,118059,667688,86800U104,SUPER MICRO COMPUTER INC,OTC Link,Common Stock,,N,Pink Current,,24.01,2019-12-31,24.02,2019-12-31,24.015,24,24.11,23.94,24.02,24,2019-12-30,109345,2624654.3186,173,1761590.03,73390,122,,,210622,2019-12-13,17,15,20,24.01,OTC Link,24.02,2019-12-31,OTC Link,Active,50085282,2019-11-30
SMCI,2020-01-02,118059,667688,86800U104,SUPER MICRO COMPUTER INC,OTC Link,Common Stock,,N,Pink Current,,23.62,2020-01-02,23.74,2020-01-02,23.68,23.85,24.18,23.42,23.63,24.02,2019-12-31,417824,10032064.3554,364,2329651.91,97325,260,,,210622,2019-12-13,18,16,20,23.62,OTC Link,23.74,2020-01-02,OTC Link,Active,50085282,2019-11-30
SMCI,2020-01-03,118059,667688,86800U104,SUPER MICRO COMPUTER INC,OTC Link,Common Stock,,N,Pink Current,,23.4,2020-01-03,23.57,2020-01-03,23.485,23.4,23.74,23.4,23.44,23.63,2020-01-02,30248,711734.1292,81,368097.465,15642,34,,,210622,2019-12-13,18,16,20,23.4,OTC Link,23.57,2020-01-03,OTC Link,Active,50085282,2019-11-30
SMCI,2020-01-06,118059,667688,86800U104,SUPER MICRO COMPUTER INC,OTC Link,Common Stock,,N,Pink Current,,23.25,2020-01-06,23.32,2020-01-06,23.285,23.4,23.5,23.23,23.27,23.44,2020-01-03,93251,2177405.401,185,1117950.85,47883,104,,,210622,2019-12-13,19,16,20,23.25,OTC Link,23.32,2020-01-06,OTC Link,Active,50085282,2019-11-30
SMCI,2020-01-07,118059,667688,86800U104,SUPER MICRO COMPUTER INC,OTC Link,Common Stock,,N,Pink Current,,23.05,2020-01-07,23.1,2020-01-07,23.075,23.01,23.45,23.01,23.1,23.27,2020-01-06,38683,898888.2592,106,306837.29,13209,48,,,210622,2019-12-13,19,16,20,23.05,OTC Link,23.1,2020-01-07,OTC Link,Active,50085282,2019-11-30
SMCI,2020-01-08,118059,667688,86800U104,SUPER MICRO COMPUTER INC,OTC Link,Common Stock,,N,Pink Current,,23.07,2020-01-08,23.08,2020-01-08,23.075,23.05,23.2,23,23.07,23.1,2020-01-07,353705,8165421.6135,225,1718283.89,74380,134,,,210622,2019-12-13,18,16,20,23.07,OTC Link,23.08,2020-01-08,OTC Link,Active,50085282,2019-11-30
SMCI,2020-01-09,118059,667688,86800U104,SUPER MICRO COMPUTER INC,OTC Link,Common Stock,,N,Pink Current,,23.12,2020-01-09,23.2,2020-01-09,23.16,23.07,23.29,23.07,23.2,23.07,2020-01-08,209757,4863049.862,505,1454094.27,62694,247,,,210622,2019-12-13,18,16,20,23.12,OTC Link,23.2,2020-01-09,OTC Link,Active,50085282,2019-11-30
SMCI,2020-01-10,118059,667688,86800U104,SUPER MICRO COMPUTER INC,OTC Link,Common Stock,,N,Pink Current,,26.09,2020-01-10,26.1,2020-01-10,26.095,24.355,26.85,24.31,26.09,23.2,2020-01-09,834977,21698288.2745,1228,7010087.36,270409,733,,,210622,2019-12-13,18,16,20,26.09,OTC Link,26.1,2020-01-10,OTC Link,Active,50085282,2019-11-30
SMCI,2020-01-13,118059,667688,86800U104,SUPER MICRO COMPUTER INC,OTC Link,Common Stock,,N,Pink Current,,28.45,2020-01-13,28.5,2020-01-13,28.475,26.25,28.65,26.25,28.5,26.09,2020-01-10,565653,15696986.745188,769,7208879.59,259593,376,,,112860,2019-12-31,18,16,20,28.45,OTC Link,28.5,2020-01-13,OTC Link,Active,50085282,2019-11-30
WGHTQ,2025-05-16,90273,643355,98262P101,WW INTERNATIONAL INC,OTC Link,Common Stock,,N,Pink Current,,0.281,2025-05-16,0.2988,2025-05-16,0.2899,0.2165,0.2988,0.19,0.281,0.2496,2025-05-15,6001642,1432289.909958,1812,824462.6903,3444099,698,,,,,11,10,20,0.281,OTC Link,0.2988,2025-05-16,OTC Link,Active,80127091,2025-02-03
WGHTQ,2025-05-19,90273,643355,98262P101,WW INTERNATIONAL INC,OTC Link,Common Stock,,N,Pink Current,,0.2653,2025-05-19,0.271,2025-05-19,0.26815,0.27,0.28,0.22,0.2653,0.281,2025-05-16,4988502,1190814.08895,1647,722087.4269,3026340,512,,,,,11,11,20,0.2653,OTC Link,0.271,2025-05-19,OTC Link,Active,80280308,2025-04-29
WGHTQ,2025-05-20,90273,643355,98262P101,WW INTERNATIONAL INC,OTC Link,Common Stock,,N,Pink Current,,0.26,2025-05-20,0.265,2025-05-20,0.2625,0.24,0.2675,0.227,0.2603,0.2653,2025-05-19,3017423,756873.83569,1099,429328.8269,1708734,344,,,,,11,10,20,0.26,OTC Link,0.265,2025-05-20,OTC Link,Active,80280308,2025-04-29
WGHTQ,2025-05-21,90273,643355,98262P101,WW INTERNATIONAL INC,OTC Link,Common Stock,,N,Pink Current,,0.2425,2025-05-21,0.26,2025-05-21,0.25125,0.2269,0.2603,0.215,0.26,0.2603,2025-05-20,2698605,635953.77839,753,312424.8486,1320556,274,,,,,11,10,20,0.2425,OTC Link,0.26,2025-05-21,OTC Link,Active,80280308,2025-04-29
WGHTQ,2025-05-22,90273,643355,98262P101,WW INTERNATIONAL INC,OTC Link,Common Stock,,N,Pink Current,,0.3,2025-05-22,0.3019,2025-05-22,0.30095,0.26,0.3,0.2425,0.3,0.26,2025-05-21,1968961,556519.93856,757,278023.87785,989359,206,,,,,11,11,20,0.3,OTC Link,0.3019,2025-05-22,OTC Link,Active,80280308,2025-04-29
WGHTQ,2025-05-23,90273,643355,98262P101,WW INTERNATIONAL INC,OTC Link,Common Stock,,N,Pink Current,,0.283,2025-05-23,0.299,2025-05-23,0.291,0.3019,0.3019,0.26,0.283,0.3,2025-05-22,1193276,350519.181815,452,148689.5803,507182,117,,,,,11,10,20,0.283,OTC Link,0.299,2025-05-23,OTC Link,Active,80280308,2025-04-29
WGHTQ,2025-05-27,90273,643355,98262P101,WW INTERNATIONAL INC,OTC Link,Common Stock,,N,Pink Current,,0.28,2025-05-27,0.283,2025-05-27,0.2815,0.28,0.3,0.26,0.2821,0.283,2025-05-23,760459,212175.805225,479,64084.8679,229693,90,,,,,11,10,20,0.28,OTC Link,0.283,2025-05-27,OTC Link,Active,80280308,2025-04-29
WGHTQ,2025-05-28,90273,643355,98262P101,WW INTERNATIONAL INC,OTC Link,Common Stock,,N,Pink Current,,0.265,2025-05-28,0.27,2025-05-28,0.2675,0.261,0.28,0.26,0.265,0.2821,2025-05-27,578758,155163.24003,340,66540.8205,249417,79,,,,,11,10,20,0.265,OTC Link,0.27,2025-05-28,OTC Link,Active,80280308,2025-04-29
WGHTQ,2025-05-29,90273,643355,98262P101,WW INTERNATIONAL INC,OTC Link,Common Stock,,N,Pink Current,,0.26,2025-05-29,0.266,2025-05-29,0.263,0.26,0.28,0.26,0.26005,0.265,2025-05-28,565184,150081.35981,363,46814.972,176951,63,,,,,11,10,20,0.26,OTC Link,0.266,2025-05-29,OTC Link,Active,80280308,2025-04-29
WGHTQ,2025-05-30,90273,643355,98262P101,WW INTERNATIONAL INC,OTC Link,Common Stock,,N,Pink Current,,0.26,2025-05-30,0.27,2025-05-30,0.265,0.26,0.2725,0.245,0.265,0.26005,2025-05-29,919363,239810.359545,370,86823.722,333086,74,,,,,11,10,20,0.26,OTC Link,0.27,2025-05-30,OTC Link,Active,80280308,2025-04-29
WGHTQ,2025-06-02,90273,643355,98262P101,WW INTERNATIONAL INC,OTC Link,Common Stock,,N,Pink Current,,0.2699,2025-06-02,0.27,2025-06-02,0.26995,0.27,0.2799,0.2599,0.2699,0.265,2025-05-30,617528,165054.78754,482,57082.8557,213328,101,,,,,11,10,20,0.2699,OTC Link,0.27,2025-06-02,OTC Link,Active,80280308,2025-04-29
WGHTQ,2025-06-03,90273,643355,98262P101,WW INTERNATIONAL INC,OTC Link,Common Stock,,N,Pink Current,,0.2701,2025-06-03,0.279,2025-06-03,0.27455,0.2699,0.285,0.26,0.2701,0.2699,2025-06-02,998251,271587.162595,345,162197.02655,593678,98,,,,,11,11,20,0.2701,OTC Link,0.279,2025-06-03,OTC Link,Active,80280308,2025-04-29
WGHTQ,2025-06-04,90273,643355,98262P101,WW INTERNATIONAL INC,OTC Link,Common Stock,,N,Pink Current,,0.28,2025-06-04,0.285,2025-06-04,0.2825,0.2701,0.2875,0.268,0.2805,0.2701,2025-06-03,464518,129444.477825,277,58857.693,210872,50,,,,,11,11,20,0.28,OTC Link,0.285,2025-06-04,OTC Link,Active,80280308,2025-04-29
WGHTQ,2025-06-05,90273,643355,98262P101,WW INTERNATIONAL INC,OTC Link,Common Stock,,N,Pink Current,,0.27,2025-06-05,0.275,2025-06-05,0.2725,0.26,0.29,0.26,0.27,0.2805,2025-06-04,525374,143411.662845,296,43695.2896,160781,54,,,,,11,10,20,0.27,OTC Link,0.275,2025-06-05,OTC Link,Active,80280308,2025-04-29
WGHTQ,2025-06-06,90273,643355,98262P101,WW INTERNATIONAL INC,OTC Link,Common Stock,,N,Pink Current,,0.261,2025-06-06,0.278,2025-06-06,0.2695,0.252,0.2765,0.252,0.2695,0.27,2025-06-05,610558,160086.27625,393,61397.9394,234229,51,,,,,11,10,20,0.261,OTC Link,0.278,2025-06-06,OTC Link,Active,80280308,2025-04-29
WGHTQ,2025-06-09,90273,643355,98262P101,WW INTERNATIONAL INC,OTC Link,Common Stock,,N,Pink Current,,0.2678,2025-06-09,0.275,2025-06-09,0.2714,0.261,0.278,0.25,0.275,0.2695,2025-06-06,658133,173884.33424,278,69317.4722,264069,51,,,,,11,10,20,0.2678,OTC Link,0.275,2025-06-09,OTC Link,Active,80280308,2025-04-29
WGHTQ,2025-06-10,90273,643355,98262P101,WW INTERNATIONAL INC,OTC Link,Common Stock,,N,Pink Current,,0.262,2025-06-10,0.277,2025-06-10,0.2695,0.275,0.279,0.258,0.268,0.275,2025-06-09,870335,236746.46272,370,132738.1414,487645,101,,,,,11,10,20,0.262,OTC Link,0.277,2025-06-10,OTC Link,Active,80280308,2025-04-29
WGHTQ,2025-06-11,90273,643355,98262P101,WW INTERNATIONAL INC,OTC Link,Common Stock,,N,Pink Current,,0.2621,2025-06-11,0.275,2025-06-11,0.26855,0.25,0.28,0.25,0.275,0.268,2025-06-10,291949,77965.7428,276,18900.6144,71097,52,,,7873173,2025-05-30,11,10,20,0.2621,OTC Link,0.275,2025-06-11,OTC Link,Active,80280308,2025-04-29
WGHTQ,2025-06-12,90273,643355,98262P101,WW INTERNATIONAL INC,OTC Link,Common Stock,,N,Pink Current,,0.24,2025-06-12,0.26,2025-06-12,0.25,0.2621,0.27,0.2405,0.26,0.275,2025-06-11,465039,121843.241205,273,35086.141,134009,47,,,7873173,2025-05-30,11,10,20,0.24,OTC Link,0.26,2025-06-12,OTC Link,Active,80280308,2025-04-29
WGHTQ,2025-06-13,90273,643355,98262P101,WW INTERNATIONAL INC,OTC Link,Common Stock,,N,Pink Current,,0.2451,2025-06-13,0.2519,2025-06-13,0.2485,0.24,0.265,0.24,0.2485,0.26,2025-06-12,316906,79380.93296,243,24763.688,100880,42,,,7873173,2025-05-30,11,10,20,0.2451,OTC Link,0.2519,2025-06-13,OTC Link,Active,80280308,2025-04-29
WGHTQ,2025-06-16,90273,643355,98262P101,WW INTERNATIONAL INC,OTC Link,Common Stock,,N,Pink Current,,0.235,2025-06-16,0.2375,2025-06-16,0.23625,0.2401,0.254,0.231,0.236,0.2485,2025-06-13,482335,115236.372485,280,42013.5146,176855,41,,,7873173,2025-05-30,11,10,20,0.235,OTC Link,0.2375,2025-06-16,OTC Link,Active,80280308,2025-04-29
WGHTQ,2025-06-17,90273,643355,98262P101,WW INTERNATIONAL INC,OTC Link,Common Stock,,N,Pink Current,,0.29,2025-06-17,0.31,2025-06-17,0.3,0.2375,0.325,0.235,0.29,0.236,2025-06-16,3495990,962124.02056,841,492575.6006,1819996,328,,,7873173,2025-05-30,11,10,20,0.29,OTC Link,0.31,2025-06-17,OTC Link,Active,80280308,2025-04-29
WGHTQ,2025-06-18,90273,643355,98262P101,WW INTERNATIONAL INC,OTC Link,Common Stock,,N,Pink Current,,0.365,2025-06-18,0.369,2025-06-18,0.367,0.316,0.3999,0.316,0.367,0.29,2025-06-17,9998164,3606054.99296,1760,1643851.675,4535042,755,,,7873173,2025-05-30,11,10,20,0.365,OTC Link,0.369,2025-06-18,OTC Link,Active,80280308,2025-04-29
WGHTQ,2025-06-20,90273,643355,98262P101,WW INTERNATIONAL INC,OTC Link,Common Stock,,N,Pink Current,,0.33,2025-06-20,0.335,2025-06-20,0.3325,0.3899,0.42,0.32745,0.33,0.367,2025-06-18,3961781,1479045.097275,910,652417.3594,1743961,285,,,7873173,2025-05-30,11,10,20,0.33,OTC Link,0.335,2025-06-20,OTC Link,Active,80280308,2025-04-29
WGHTQ,2025-06-23,90273,643355,98262P101,WW INTERNATIONAL INC,OTC Link,Common Stock,,N,Pink Current,,0.29,2025-06-23,0.295,2025-06-23,0.2925,0.33,0.3599,0.28,0.28955,0.33,2025-06-20,6077102,1868072.09266,710,808536.5176,2646459,257,,,7873173,2025-05-30,11,10,20,0.29,OTC Link,0.295,2025-06-23,OTC Link,Active,80280308,2025-04-29
