entry_month,formation_month,PERMNO,Ticker,formation_ret,decile
2021-01-01,2020-12-01,87447,UPS,0.5337166438111953,10.0
2021-01-01,2020-12-01,19350,DE,0.7228735633169765,10.0
2021-01-01,2020-12-01,88661,TPR,1.3403626486881342,10.0
2021-01-01,2020-12-01,75912,PTC,0.537599785349846,10.0
2021-01-01,2020-12-01,11891,MGM,0.8759527728902003,10.0
2021-01-01,2020-12-01,18576,UBER,0.6409243206772337,10.0
2021-01-01,2020-12-01,19285,CARR,0.7069262534066112,10.0
2021-01-01,2020-12-01,19583,IVZ,0.6608849842396358,10.0
2021-01-01,2020-12-01,81655,DRI,0.5766884958517793,10.0
2021-01-01,2020-12-01,75186,SCHW,0.5869217893566083,10.0
2021-01-01,2020-12-01,13760,NCLH,0.5477782912003508,10.0
2021-01-01,2020-12-01,61241,AMD,0.7432039920669984,10.0
2021-01-01,2020-12-01,81774,FCX,1.248919027228511,10.0
2021-01-01,2020-12-01,26403,DIS,0.6247859507528406,10.0
2021-01-01,2020-12-01,77178,QCOM,0.6863001109305089,10.0
2021-01-01,2020-12-01,13103,APTV,0.6720986875792836,10.0
2021-01-01,2020-12-01,16655,CVNA,0.9928439127799553,10.0
2021-01-01,2020-12-01,13035,XYL,0.5767229017886726,10.0
2021-01-01,2020-12-01,12369,GM,0.6458500093659771,10.0
2021-01-01,2020-12-01,24643,HWM,0.8006324787661023,10.0
2021-01-01,2020-12-01,18726,CRWD,1.1120749724950452,10.0
2021-01-01,2020-12-01,18224,CTRA,2.7401323270614317,10.0
2021-01-01,2020-12-01,85663,URI,0.5560244602613371,10.0
2021-01-01,2020-12-01,85792,PWR,0.8391060631206726,10.0
2021-01-01,2020-12-01,85913,MAR,0.538784705140944,10.0
2021-01-01,2020-12-01,90720,BLDR,0.9714961217340146,10.0
2021-01-01,2020-12-01,12622,HCA,0.6944169410003189,10.0
2021-01-01,2020-12-01,93436,TSLA,2.267566432796865,10.0
2021-01-01,2020-12-01,91041,LYV,0.657568643377535,10.0
2021-01-01,2020-12-01,76230,TRMB,0.5459612824363302,10.0
2021-01-01,2020-12-01,90808,EXPE,0.6107057079102254,10.0
2021-01-01,2020-12-01,89138,BG,0.6253876307530173,10.0
2021-01-01,2020-12-01,90455,MPWR,0.5502137621097023,10.0
2021-01-01,2020-12-01,18312,MRNA,0.6270080754994378,10.0
2021-01-01,2020-12-01,14776,SYF,0.5958176894410308,10.0
2021-01-01,2020-12-01,80191,ALB,0.9231782338140744,10.0
2021-01-01,2020-12-01,13511,PANW,0.5473947260739203,10.0
2021-01-01,2020-12-01,88182,ON,0.6513622590323236,10.0
2021-01-01,2020-12-01,60628,FDX,0.8611340210506684,10.0
2021-01-01,2020-12-01,81055,COF,0.5837610350998959,10.0
2021-01-01,2020-12-01,16309,TTD,0.9704782999178565,10.0
2021-01-01,2020-12-01,12431,TT,0.644825202590664,10.0
2021-01-01,2020-12-01,16692,IR,0.6201991587957032,10.0
2021-01-01,2020-12-01,90386,MOS,0.8485398108194209,10.0
2021-01-01,2020-12-01,12060,GE,0.5853115508924693,10.0
2021-01-01,2020-12-01,76712,AES,0.6490793884784731,10.0
2021-01-01,2020-12-01,93246,GNRC,0.8650856821161752,10.0
2021-01-01,2020-12-01,88860,ALGN,0.9471665611072386,10.0
2021-01-01,2020-12-01,15826,SQ,1.073948456713301,10.0
2021-01-01,2020-12-01,91611,FSLR,0.9983849358340302,10.0
2021-02-01,2021-01-01,85663,URI,0.5640712258965472,10.0
2021-02-01,2021-01-01,75186,SCHW,0.5694876853861619,10.0
2021-02-01,2021-01-01,12369,GM,1.0361604162551523,10.0
2021-02-01,2021-01-01,91611,FSLR,0.6649885545745697,10.0
2021-02-01,2021-01-01,11891,MGM,0.775354218313826,10.0
2021-02-01,2021-01-01,14702,AMAT,0.5122755529112297,10.0
2021-02-01,2021-01-01,87137,DVN,0.6340116929472595,10.0
2021-02-01,2021-01-01,89031,AXON,0.974740218156309,10.0
2021-02-01,2021-01-01,19583,IVZ,1.1026984106795399,10.0
2021-02-01,2021-01-01,89138,BG,0.5356696155435852,10.0
2021-02-01,2021-01-01,25232,OKE,0.5076790974229435,10.0
2021-02-01,2021-01-01,91926,DAL,0.5202244298135463,10.0
2021-02-01,2021-01-01,18224,CTRA,1.856422492517018,10.0
2021-02-01,2021-01-01,12060,GE,0.7639825483337983,10.0
2021-02-01,2021-01-01,16655,CVNA,0.6856407149671229,10.0
2021-02-01,2021-01-01,82598,NTAP,0.5264852688451449,10.0
2021-02-01,2021-01-01,18312,MRNA,1.336845554790791,10.0
2021-02-01,2021-01-01,12476,TRGP,0.5121208659200145,10.0
2021-02-01,2021-01-01,18576,UBER,0.6830776523649407,10.0
2021-02-01,2021-01-01,76712,AES,0.6230847895421203,10.0
2021-02-01,2021-01-01,25785,F,0.5930418287711312,10.0
2021-02-01,2021-01-01,75912,PTC,0.5534121720852583,10.0
2021-02-01,2021-01-01,88860,ALGN,0.7881019840756036,10.0
2021-02-01,2021-01-01,85792,PWR,0.7662088253574713,10.0
2021-02-01,2021-01-01,24643,HWM,0.6630591151879794,10.0
2021-02-01,2021-01-01,13760,NCLH,0.6605558112746956,10.0
2021-02-01,2021-01-01,13963,NWSA,0.5351111185529034,10.0
2021-02-01,2021-01-01,53613,MU,0.5636797746167777,10.0
2021-02-01,2021-01-01,35044,RF,0.6027031118068988,10.0
2021-02-01,2021-01-01,19350,DE,0.6483702254754093,10.0
2021-02-01,2021-01-01,89641,STX,0.4976930993326927,10.0
2021-02-01,2021-01-01,81655,DRI,0.5491326961072638,10.0
2021-02-01,2021-01-01,90720,BLDR,0.6146042707355186,10.0
2021-02-01,2021-01-01,93436,TSLA,1.773107588600149,10.0
2021-02-01,2021-01-01,16309,TTD,0.697220496844019,10.0
2021-02-01,2021-01-01,77129,KIM,0.5090823017402271,10.0
2021-02-01,2021-01-01,81055,COF,0.6387582189020633,10.0
2021-02-01,2021-01-01,13103,APTV,0.7183277458787429,10.0
2021-02-01,2021-01-01,93246,GNRC,0.5637769780173143,10.0
2021-02-01,2021-01-01,90808,EXPE,0.5319096335519733,10.0
2021-02-01,2021-01-01,15826,SQ,0.6631508732007714,10.0
2021-02-01,2021-01-01,80191,ALB,0.9855449046161342,10.0
2021-02-01,2021-01-01,18726,CRWD,0.9063607597126913,10.0
2021-02-01,2021-01-01,80100,SPG,0.5417039935421593,10.0
2021-02-01,2021-01-01,90386,MOS,0.9368963669612831,10.0
2021-02-01,2021-01-01,81774,FCX,1.082815999946121,10.0
2021-02-01,2021-01-01,88182,ON,0.6742716743162278,10.0
2021-02-01,2021-01-01,88661,TPR,1.3667690330539735,10.0
2021-02-01,2021-01-01,14776,SYF,0.5339310878757444,10.0
2021-03-01,2021-02-01,87137,DVN,1.0192183230150649,10.0
2021-03-01,2021-02-01,93246,GNRC,0.7347079539880674,10.0
2021-03-01,2021-02-01,12060,GE,0.9829872032176439,10.0
2021-03-01,2021-02-01,13103,APTV,0.7398973430167437,10.0
2021-03-01,2021-02-01,90386,MOS,0.6208024501211462,10.0
2021-03-01,2021-02-01,42906,HBAN,0.6750206130888314,10.0
2021-03-01,2021-02-01,89138,BG,0.7036372995087763,10.0
2021-03-01,2021-02-01,34746,FITB,0.7174805514876383,10.0
2021-03-01,2021-02-01,16309,TTD,0.6733638847667818,10.0
2021-03-01,2021-02-01,24643,HWM,0.6044529156725917,10.0
2021-03-01,2021-02-01,81055,COF,0.7491847300032783,10.0
2021-03-01,2021-02-01,75186,SCHW,0.7497284938163253,10.0
2021-03-01,2021-02-01,53613,MU,1.011206577159816,10.0
2021-03-01,2021-02-01,88860,ALGN,0.909589711123626,10.0
2021-03-01,2021-02-01,79686,DECK,0.5995974656568552,10.0
2021-03-01,2021-02-01,85072,RL,0.7010020811084905,10.0
2021-03-01,2021-02-01,12369,GM,0.7323675905456992,10.0
2021-03-01,2021-02-01,88182,ON,0.8844168745044125,10.0
2021-03-01,2021-02-01,18224,AMR,2.6231872089259602,10.0
2021-03-01,2021-02-01,85663,URI,0.6796370684380313,10.0
2021-03-01,2021-02-01,80100,SPG,0.7214815276665081,10.0
2021-03-01,2021-02-01,85792,PWR,0.6390077168287644,10.0
2021-03-01,2021-02-01,18726,CRWD,0.7179678164967378,10.0
2021-03-01,2021-02-01,34833,OXY,1.0918294885989077,10.0
2021-03-01,2021-02-01,88661,TPR,1.860831491794043,10.0
2021-03-01,2021-02-01,75154,CCL,0.6231808472875484,10.0
2021-03-01,2021-02-01,66384,WDC,0.7837059256490146,10.0
2021-03-01,2021-02-01,80191,ALB,0.738735006017984,10.0
2021-03-01,2021-02-01,48486,LRCX,0.6971532762457071,10.0
2021-03-01,2021-02-01,80204,MLM,0.6669011281625081,10.0
2021-03-01,2021-02-01,18312,MRNA,1.3857328113609158,10.0
2021-03-01,2021-02-01,90808,EXPE,0.6403463380447749,10.0
2021-03-01,2021-02-01,89031,AXON,0.9314910746877643,10.0
2021-03-01,2021-02-01,64995,KEY,0.6543006979516652,10.0
2021-03-01,2021-02-01,14702,AMAT,0.9276881295526289,10.0
2021-03-01,2021-02-01,90199,CBRE,0.6110987841479127,10.0
2021-03-01,2021-02-01,25785,F,0.7155434829542635,10.0
2021-03-01,2021-02-01,76795,ZBRA,0.7430294301017193,10.0
2021-03-01,2021-02-01,35044,RF,0.8260803181802514,10.0
2021-03-01,2021-02-01,19583,IVZ,1.2366758062038583,10.0
2021-03-01,2021-02-01,14889,CFG,0.7212106906776174,10.0
2021-03-01,2021-02-01,13641,FANG,0.7980077322858172,10.0
2021-03-01,2021-02-01,13760,NCLH,0.7276426372397826,10.0
2021-03-01,2021-02-01,12476,TRGP,0.8363836703252086,10.0
2021-03-01,2021-02-01,11891,MGM,0.6798757846444681,10.0
2021-03-01,2021-02-01,19350,DE,0.6724989795816647,10.0
2021-03-01,2021-02-01,81774,FCX,1.1723240402681219,10.0
2021-03-01,2021-02-01,75034,BKR,0.7479445309169399,10.0
2021-03-01,2021-02-01,25232,OKE,0.702737041636468,10.0
2021-04-01,2021-03-01,85072,RL,0.8119757562548588,10.0
2021-04-01,2021-03-01,12369,GM,0.9418736547453443,10.0
2021-04-01,2021-03-01,18312,MRNA,0.8508861518294626,10.0
2021-04-01,2021-03-01,13641,FANG,1.4802939205037773,10.0
2021-04-01,2021-03-01,88182,ON,0.9183948022348818,10.0
2021-04-01,2021-03-01,75825,EOG,1.0502395997520688,10.0
2021-04-01,2021-03-01,90386,MOS,0.7369792584038257,10.0
2021-04-01,2021-03-01,88661,TPR,1.6365995679970222,10.0
2021-04-01,2021-03-01,39490,APA,0.8982196641800266,10.0
2021-04-01,2021-03-01,15707,HPE,0.7101902309355006,10.0
2021-04-01,2021-03-01,25785,F,0.8393403921441627,10.0
2021-04-01,2021-03-01,34817,NUE,0.8121186062827332,10.0
2021-04-01,2021-03-01,66384,WDC,0.8262657823610673,10.0
2021-04-01,2021-03-01,75154,CCL,0.7483543107296264,10.0
2021-04-01,2021-03-01,87137,DVN,1.3538217302702438,10.0
2021-04-01,2021-03-01,80100,SPG,0.8194454290142275,10.0
2021-04-01,2021-03-01,34833,OXY,1.6616410251894078,10.0
2021-04-01,2021-03-01,14889,CFG,0.7901687466419691,10.0
2021-04-01,2021-03-01,85663,URI,0.8871621769478713,10.0
2021-04-01,2021-03-01,18224,AMR,0.7254092095290456,10.0
2021-04-01,2021-03-01,81774,FCX,1.1054971100588404,10.0
2021-04-01,2021-03-01,48486,LRCX,0.8030773061052556,10.0
2021-04-01,2021-03-01,35044,RF,0.8230146093894544,10.0
2021-04-01,2021-03-01,84262,STLD,0.7941299413610465,10.0
2021-04-01,2021-03-01,70519,C,0.7233465149271809,10.0
2021-04-01,2021-03-01,12872,MPC,0.8699878314306622,10.0
2021-04-01,2021-03-01,81055,COF,0.7787193204000495,10.0
2021-04-01,2021-03-01,24643,HWM,0.9216522103729798,10.0
2021-04-01,2021-03-01,19583,IVZ,1.2491945700300864,10.0
2021-04-01,2021-03-01,82775,HIG,0.8379169120618086,10.0
2021-04-01,2021-03-01,75186,SCHW,0.8121159644481117,10.0
2021-04-01,2021-03-01,11891,MGM,0.7469268720042055,10.0
2021-04-01,2021-03-01,89533,WYNN,0.7458591948904092,10.0
2021-04-01,2021-03-01,13963,NWSA,0.8206860154353715,10.0
2021-04-01,2021-03-01,53613,MU,0.8784081307395812,10.0
2021-04-01,2021-03-01,19788,PLTR,1.4515779979612264,10.0
2021-04-01,2021-03-01,90808,EXPE,0.877194999390752,10.0
2021-04-01,2021-03-01,83011,WSM,1.0005083255235787,10.0
2021-04-01,2021-03-01,25232,OKE,1.0600828172282366,10.0
2021-04-01,2021-03-01,34746,FITB,0.809453784812163,10.0
2021-04-01,2021-03-01,76795,ZBRA,0.9218103532343052,10.0
2021-04-01,2021-03-01,14277,SLB,0.7659899627536375,10.0
2021-04-01,2021-03-01,12060,GE,1.1110437185050142,10.0
2021-04-01,2021-03-01,89138,BG,0.7603932371905888,10.0
2021-04-01,2021-03-01,23819,HAL,0.7890692730822142,10.0
2021-04-01,2021-03-01,14702,AMAT,1.2578309651238055,10.0
2021-04-01,2021-03-01,46886,KLAC,0.7166172894035767,10.0
2021-04-01,2021-03-01,12476,TRGP,1.2854600735554538,10.0
2021-04-01,2021-03-01,42906,HBAN,0.7512882115786077,10.0
2021-05-01,2021-04-01,15707,HPE,0.8876780244852058,10.0
2021-05-01,2021-04-01,93436,TSLA,0.8282649376588982,10.0
2021-05-01,2021-04-01,13963,NWSA,1.0025837306426388,10.0
2021-05-01,2021-04-01,87137,DVN,1.6681250978987339,10.0
2021-05-01,2021-04-01,86868,GS,0.8602097958777202,10.0
2021-05-01,2021-04-01,92108,BX,0.8127325545652115,10.0
2021-05-01,2021-04-01,13964,NWS,0.8745322637661763,10.0
2021-05-01,2021-04-01,13928,COP,0.8034073814248777,10.0
2021-05-01,2021-04-01,79782,REG,0.82914772010636,10.0
2021-05-01,2021-04-01,75825,EOG,1.1759159514893747,10.0
2021-05-01,2021-04-01,13356,PSX,0.7781869250884732,10.0
2021-05-01,2021-04-01,12872,MPC,0.9349485356865652,10.0
2021-05-01,2021-04-01,90808,EXPE,0.8718001409982215,10.0
2021-05-01,2021-04-01,18224,AMR,0.8744176219836297,10.0
2021-05-01,2021-04-01,19583,IVZ,1.09569820641766,10.0
2021-05-01,2021-04-01,11850,XOM,0.8270320085472573,10.0
2021-05-01,2021-04-01,83011,WSM,0.8864621057345521,10.0
2021-05-01,2021-04-01,38703,WFC,1.1160978377953912,10.0
2021-05-01,2021-04-01,89641,STX,0.9799718414976715,10.0
2021-05-01,2021-04-01,25232,OKE,0.8813297362656682,10.0
2021-05-01,2021-04-01,90386,MOS,0.9091180714669975,10.0
2021-05-01,2021-04-01,93132,FTNT,0.8504127898559171,10.0
2021-05-01,2021-04-01,13641,FANG,2.200416755866023,10.0
2021-05-01,2021-04-01,81774,FCX,1.1792306048988546,10.0
2021-05-01,2021-04-01,27828,HPQ,0.9271992513121807,10.0
2021-05-01,2021-04-01,30681,OMC,0.7775166783010607,10.0
2021-05-01,2021-04-01,11891,MGM,0.9798770537504213,10.0
2021-05-01,2021-04-01,14277,SLB,0.8298073855188011,10.0
2021-05-01,2021-04-01,14702,AMAT,1.2511206929186427,10.0
2021-05-01,2021-04-01,34833,OXY,1.780058032277716,10.0
2021-05-01,2021-04-01,77129,KIM,1.0872636285579298,10.0
2021-05-01,2021-04-01,39490,APA,1.416777526335153,10.0
2021-05-01,2021-04-01,88661,TPR,1.1524992248210495,10.0
2021-05-01,2021-04-01,81055,COF,1.0493968512643574,10.0
2021-05-01,2021-04-01,85663,URI,0.7945475873429797,10.0
2021-05-01,2021-04-01,80100,SPG,0.9907310666038551,10.0
2021-05-01,2021-04-01,75154,CCL,1.0393885701246335,10.0
2021-05-01,2021-04-01,66384,WDC,0.8719841259849452,10.0
2021-05-01,2021-04-01,80191,ALB,0.8134921903154038,10.0
2021-05-01,2021-04-01,48486,LRCX,0.8226881748618824,10.0
2021-05-01,2021-04-01,85269,VLO,0.979588534979335,10.0
2021-05-01,2021-04-01,24643,HWM,0.8527542902803014,10.0
2021-05-01,2021-04-01,18312,MRNA,1.650365171979037,10.0
2021-05-01,2021-04-01,85072,RL,0.9938675232303673,10.0
2021-05-01,2021-04-01,85059,FIX,0.8052899344012974,10.0
2021-05-01,2021-04-01,12476,TRGP,1.1754977096952333,10.0
2021-05-01,2021-04-01,23579,TXT,0.7958336738966463,10.0
2021-05-01,2021-04-01,90829,CF,0.7904499744246305,10.0
2021-05-01,2021-04-01,19788,PLTR,1.2744315566221558,10.0
2021-05-01,2021-04-01,13760,NCLH,0.8671065329581285,10.0
2021-06-01,2021-05-01,75607,NLOK,0.5265494506998063,10.0
2021-06-01,2021-05-01,13641,FANG,1.0246595820764126,10.0
2021-06-01,2021-05-01,88661,TPR,0.5851008927901791,10.0
2021-06-01,2021-05-01,19583,IVZ,0.7805360609950487,10.0
2021-06-01,2021-05-01,75825,EOG,0.7338288047653574,10.0
2021-06-01,2021-05-01,14277,SLB,0.5229823730242755,10.0
2021-06-01,2021-05-01,75186,SCHW,0.5226941635072959,10.0
2021-06-01,2021-05-01,13963,NWSA,0.5349526831198903,10.0
2021-06-01,2021-05-01,87137,DVN,0.9347448980992512,10.0
2021-06-01,2021-05-01,24643,HWM,0.5123624575758774,10.0
2021-06-01,2021-05-01,34833,OXY,0.6486324549935345,10.0
2021-06-01,2021-05-01,12476,TRGP,0.6644264536744116,10.0
2021-06-01,2021-05-01,81055,COF,0.8884262460066288,10.0
2021-06-01,2021-05-01,93246,GNRC,0.5246744339562688,10.0
2021-06-01,2021-05-01,39490,APA,0.6184347753839372,10.0
2021-06-01,2021-05-01,83143,IRM,0.643847679527171,10.0
2021-06-01,2021-05-01,64995,KEY,0.5156631550659774,10.0
2021-06-01,2021-05-01,83011,WSM,0.5606559883530096,10.0
2021-06-01,2021-05-01,82775,HIG,0.4966878746730234,10.0
2021-06-01,2021-05-01,38703,WFC,0.7171320537628385,10.0
2021-06-01,2021-05-01,25232,OKE,0.5326311391411012,10.0
2021-06-01,2021-05-01,89641,STX,0.673255073600286,10.0
2021-06-01,2021-05-01,11850,XOM,0.579683393802521,10.0
2021-06-01,2021-05-01,37584,BEN,0.5883072353757803,10.0
2021-06-01,2021-05-01,25785,F,0.6002216266522666,10.0
2021-06-01,2021-05-01,35044,RF,0.559736902692026,10.0
2021-06-01,2021-05-01,11891,MGM,0.517749228124943,10.0
2021-06-01,2021-05-01,34746,FITB,0.6913375352565092,10.0
2021-06-01,2021-05-01,34817,NUE,0.9337981955237455,10.0
2021-06-01,2021-05-01,77129,KIM,0.5049490404998,10.0
2021-06-01,2021-05-01,81774,FCX,0.8301928574185387,10.0
2021-06-01,2021-05-01,90386,MOS,0.652206803553069,10.0
2021-06-01,2021-05-01,59408,BAC,0.5221696892232868,10.0
2021-06-01,2021-05-01,23579,TXT,0.5193831398904081,10.0
2021-06-01,2021-05-01,84262,STLD,0.7446906940945754,10.0
2021-06-01,2021-05-01,14702,AMAT,0.6806486458406438,10.0
2021-06-01,2021-05-01,80100,SPG,0.598287799576124,10.0
2021-06-01,2021-05-01,18224,AMR,1.6837821218928384,10.0
2021-06-01,2021-05-01,66384,WDC,0.6762471653244484,10.0
2021-06-01,2021-05-01,12872,MPC,0.622873509548507,10.0
2021-06-01,2021-05-01,79698,IT,0.52526450027567,10.0
2021-06-01,2021-05-01,85269,VLO,0.5360796569702708,10.0
2021-06-01,2021-05-01,14889,CFG,0.5565745906527406,10.0
2021-06-01,2021-05-01,85059,FIX,0.6500236884869521,10.0
2021-06-01,2021-05-01,92108,BX,0.5918752655027069,10.0
2021-06-01,2021-05-01,93132,FTNT,0.7734324808449324,10.0
2021-06-01,2021-05-01,86868,GS,0.6337164249801106,10.0
2021-06-01,2021-05-01,14776,SYF,0.5730451704473429,10.0
2021-06-01,2021-05-01,23473,CINF,0.6154324214861753,10.0
2021-06-01,2021-05-01,89138,BG,0.49217818417467546,10.0
2021-07-01,2021-06-01,13963,NWSA,0.4394721223591341,10.0
2021-07-01,2021-06-01,14776,SYF,0.4132209431244324,10.0
2021-07-01,2021-06-01,75825,EOG,0.6927657250804051,10.0
2021-07-01,2021-06-01,81774,FCX,0.42915618121081145,10.0
2021-07-01,2021-06-01,11850,XOM,0.5791763351879387,10.0
2021-07-01,2021-06-01,13928,COP,0.5491663027841758,10.0
2021-07-01,2021-06-01,80100,SPG,0.5474167305600293,10.0
2021-07-01,2021-06-01,93132,FTNT,0.603650076171552,10.0
2021-07-01,2021-06-01,38703,WFC,0.508486456724601,10.0
2021-07-01,2021-06-01,13641,FANG,0.960115786005262,10.0
2021-07-01,2021-06-01,79782,REG,0.43212284495691183,10.0
2021-07-01,2021-06-01,75694,TECH,0.42019799259941826,10.0
2021-07-01,2021-06-01,39490,APA,0.5288297317269952,10.0
2021-07-01,2021-06-01,81055,COF,0.5740926460128999,10.0
2021-07-01,2021-06-01,88281,CRL,0.4805092188005201,10.0
2021-07-01,2021-06-01,14702,AMAT,0.6559106897446803,10.0
2021-07-01,2021-06-01,45356,JCI,0.48588893622769347,10.0
2021-07-01,2021-06-01,12476,TRGP,0.6960038403847975,10.0
2021-07-01,2021-06-01,90305,EXR,0.43359022365901795,10.0
2021-07-01,2021-06-01,79698,IT,0.5119552945538386,10.0
2021-07-01,2021-06-01,89641,STX,0.43865637137728297,10.0
2021-07-01,2021-06-01,20391,TPL,0.8474204229946387,10.0
2021-07-01,2021-06-01,24328,EQT,0.7513781296473985,10.0
2021-07-01,2021-06-01,14277,SLB,0.4787601370820774,10.0
2021-07-01,2021-06-01,23579,TXT,0.4238761413277513,10.0
2021-07-01,2021-06-01,89244,WW,0.4811494423980077,10.0
2021-07-01,2021-06-01,92108,BX,0.5332321024336348,10.0
2021-07-01,2021-06-01,18312,MRNA,1.249260353342426,10.0
2021-07-01,2021-06-01,85059,FIX,0.5006174964610712,10.0
2021-07-01,2021-06-01,84262,STLD,0.6318762665269102,10.0
2021-07-01,2021-06-01,85269,VLO,0.41791788637371213,10.0
2021-07-01,2021-06-01,12872,MPC,0.49149804949518877,10.0
2021-07-01,2021-06-01,87137,DVN,0.8908387853883744,10.0
2021-07-01,2021-06-01,89031,AXON,0.442912642093469,10.0
2021-07-01,2021-06-01,86580,NVDA,0.5330158401308638,10.0
2021-07-01,2021-06-01,86868,GS,0.4495015036437074,10.0
2021-07-01,2021-06-01,14542,GOOG,0.430646056502383,10.0
2021-07-01,2021-06-01,18224,AMR,1.2541774392313707,10.0
2021-07-01,2021-06-01,19583,IVZ,0.5533502061767219,10.0
2021-07-01,2021-06-01,13210,EPAM,0.42586865112142913,10.0
2021-07-01,2021-06-01,11990,KKR,0.47109021917819105,10.0
2021-07-01,2021-06-01,25232,OKE,0.5111623426613265,10.0
2021-07-01,2021-06-01,34833,OXY,0.8077367529063244,10.0
2021-07-01,2021-06-01,34817,NUE,0.8203778158269632,10.0
2021-07-01,2021-06-01,25785,F,0.6905589313874452,10.0
2021-07-01,2021-06-01,83143,IRM,0.4792815052465188,10.0
2021-07-01,2021-06-01,93246,GNRC,0.825557021249,10.0
2021-07-01,2021-06-01,83011,WSM,0.5797217050486081,10.0
2021-07-01,2021-06-01,76841,BIIB,0.4141550441376396,10.0
2021-07-01,2021-06-01,12369,GM,0.4209905168502099,10.0
2021-08-01,2021-07-01,87137,DVN,0.6077377500648609,10.0
2021-08-01,2021-07-01,88281,CRL,0.5708165098351394,10.0
2021-08-01,2021-07-01,81055,COF,0.5600445501731919,10.0
2021-08-01,2021-07-01,86580,NVDA,0.5019334286796304,10.0
2021-08-01,2021-07-01,76605,AZO,0.4517289573401949,10.0
2021-08-01,2021-07-01,79094,JBL,0.4439658417536489,10.0
2021-08-01,2021-07-01,79452,CPT,0.4825153124729761,10.0
2021-08-01,2021-07-01,90199,CBRE,0.5818301011055333,10.0
2021-08-01,2021-07-01,79698,IT,0.7426776658330714,10.0
2021-08-01,2021-07-01,76795,ZBRA,0.42454016350350066,10.0
2021-08-01,2021-07-01,82651,WAT,0.4728147368411202,10.0
2021-08-01,2021-07-01,92402,MSCI,0.5128577464809907,10.0
2021-08-01,2021-07-01,90248,DPZ,0.42400052425485124,10.0
2021-08-01,2021-07-01,87717,EXPD,0.4392512018456722,10.0
2021-08-01,2021-07-01,80183,MAA,0.4729492144974259,10.0
2021-08-01,2021-07-01,92108,BX,0.7656017529251116,10.0
2021-08-01,2021-07-01,90305,EXR,0.5516219511682128,10.0
2021-08-01,2021-07-01,90319,GOOGL,0.4745480172121956,10.0
2021-08-01,2021-07-01,84262,STLD,0.8985540651586628,10.0
2021-08-01,2021-07-01,78975,INTU,0.47091979710462883,10.0
2021-08-01,2021-07-01,93246,GNRC,0.7018089755032662,10.0
2021-08-01,2021-07-01,93132,FTNT,0.8807601300604111,10.0
2021-08-01,2021-07-01,81774,FCX,0.421837691690666,10.0
2021-08-01,2021-07-01,10104,ORCL,0.45347699500159383,10.0
2021-08-01,2021-07-01,19285,CARR,0.4427603722653214,10.0
2021-08-01,2021-07-01,65947,WELL,0.4579889157980382,10.0
2021-08-01,2021-07-01,12622,HCA,0.5350319962130337,10.0
2021-08-01,2021-07-01,69032,MS,0.4479109211646076,10.0
2021-08-01,2021-07-01,59176,AXP,0.47504807992530734,10.0
2021-08-01,2021-07-01,13928,COP,0.4356918056285902,10.0
2021-08-01,2021-07-01,45356,JCI,0.44604347698008284,10.0
2021-08-01,2021-07-01,14702,AMAT,0.45248524287754394,10.0
2021-08-01,2021-07-01,38703,WFC,0.5454985095363034,10.0
2021-08-01,2021-07-01,18312,MRNA,1.0420445518261818,10.0
2021-08-01,2021-07-01,14617,ARES,0.6122851396707971,10.0
2021-08-01,2021-07-01,23579,TXT,0.5257651210823799,10.0
2021-08-01,2021-07-01,59300,UDR,0.4520202080412082,10.0
2021-08-01,2021-07-01,12476,TRGP,0.5501547317998026,10.0
2021-08-01,2021-07-01,25953,DOV,0.44508838471637235,10.0
2021-08-01,2021-07-01,12431,TT,0.43042081513634667,10.0
2021-08-01,2021-07-01,49154,TGT,0.4508157097647709,10.0
2021-08-01,2021-07-01,34817,NUE,1.154553203941803,10.0
2021-08-01,2021-07-01,13210,EPAM,0.6252948859849565,10.0
2021-08-01,2021-07-01,52476,EFX,0.4770724779002341,10.0
2021-08-01,2021-07-01,75825,EOG,0.4645039863221578,10.0
2021-08-01,2021-07-01,18224,AMR,1.457673840329945,10.0
2021-08-01,2021-07-01,20391,TPL,0.8008019841778733,10.0
2021-08-01,2021-07-01,75694,TECH,0.4866137288287212,10.0
2021-08-01,2021-07-01,14542,GOOG,0.47320354052685143,10.0
2021-08-01,2021-07-01,11990,KKR,0.6459359300656022,10.0
2021-09-01,2021-08-01,23579,TXT,0.44454937787177684,10.0
2021-09-01,2021-08-01,92402,MSCI,0.5360195737947457,10.0
2021-09-01,2021-08-01,11990,KKR,0.417856952474273,10.0
2021-09-01,2021-08-01,12622,HCA,0.4777395572133298,10.0
2021-09-01,2021-08-01,92108,BX,0.8440789531906205,10.0
2021-09-01,2021-08-01,42200,PKI,0.46705150670923085,10.0
2021-09-01,2021-08-01,84262,STLD,0.6385850422762818,10.0
2021-09-01,2021-08-01,19285,CARR,0.5852419892891934,10.0
2021-09-01,2021-08-01,18911,DDOG,0.4442931000994182,10.0
2021-09-01,2021-08-01,87432,A,0.44147586011130086,10.0
2021-09-01,2021-08-01,52476,EFX,0.6846240686998575,10.0
2021-09-01,2021-08-01,49680,DHR,0.47824413267639115,10.0
2021-09-01,2021-08-01,62498,WST,0.6107853254535565,10.0
2021-09-01,2021-08-01,13210,EPAM,0.6937726746117767,10.0
2021-09-01,2021-08-01,12476,TRGP,0.4306958536485415,10.0
2021-09-01,2021-08-01,76614,REGN,0.494549222984939,10.0
2021-09-01,2021-08-01,16678,KR,0.4431188769996763,10.0
2021-09-01,2021-08-01,18224,AMR,1.6073358914934492,10.0
2021-09-01,2021-08-01,80183,MAA,0.44581710435516825,10.0
2021-09-01,2021-08-01,16581,INVH,0.4260748768819389,10.0
2021-09-01,2021-08-01,19286,OTIS,0.45585212172129963,10.0
2021-09-01,2021-08-01,80191,ALB,0.5130327930687113,10.0
2021-09-01,2021-08-01,10138,TROW,0.41858183974195246,10.0
2021-09-01,2021-08-01,81736,RMD,0.5123788275262675,10.0
2021-09-01,2021-08-01,88352,ISRG,0.42991307672082574,10.0
2021-09-01,2021-08-01,79452,CPT,0.4603730918325564,10.0
2021-09-01,2021-08-01,88281,CRL,0.5512000396514614,10.0
2021-09-01,2021-08-01,34817,NUE,0.9835798459240532,10.0
2021-09-01,2021-08-01,90601,NDAQ,0.4250917413466902,10.0
2021-09-01,2021-08-01,82515,POOL,0.4841866063819712,10.0
2021-09-01,2021-08-01,88837,GRMN,0.4198351446309037,10.0
2021-09-01,2021-08-01,14542,GOOG,0.42829542094117895,10.0
2021-09-01,2021-08-01,86996,SBAC,0.41547831931197127,10.0
2021-09-01,2021-08-01,93132,FTNT,0.8663911454971829,10.0
2021-09-01,2021-08-01,25953,DOV,0.4232678195824967,10.0
2021-09-01,2021-08-01,82598,NTAP,0.4386236253531906,10.0
2021-09-01,2021-08-01,79094,JBL,0.4351628564914685,10.0
2021-09-01,2021-08-01,90248,DPZ,0.4987206548243369,10.0
2021-09-01,2021-08-01,90305,EXR,0.5076099853632501,10.0
2021-09-01,2021-08-01,18312,MRNA,1.4332432852406707,10.0
2021-09-01,2021-08-01,83143,IRM,0.41433226251343463,10.0
2021-09-01,2021-08-01,79698,IT,0.7244198076770272,10.0
2021-09-01,2021-08-01,90319,GOOGL,0.43129501739147014,10.0
2021-09-01,2021-08-01,13407,FB,0.4726335907943647,10.0
2021-09-01,2021-08-01,83011,WSM,0.4324749515603323,10.0
2021-09-01,2021-08-01,14617,ARES,0.5096987125361712,10.0
2021-09-01,2021-08-01,86580,NVDA,0.6334052740823726,10.0
2021-09-01,2021-08-01,82651,WAT,0.51168328669181,10.0
2021-09-01,2021-08-01,75510,ADBE,0.4438614749990258,10.0
2021-09-01,2021-08-01,78975,INTU,0.4547959975524658,10.0
2021-10-01,2021-09-01,18224,AMR,2.942205163181609,10.0
2021-10-01,2021-09-01,13511,PANW,0.48730063791251516,10.0
2021-10-01,2021-09-01,18312,MRNA,1.9389862093903303,10.0
2021-10-01,2021-09-01,81055,COF,0.2854972554184326,10.0
2021-10-01,2021-09-01,88352,ISRG,0.3453733142200433,10.0
2021-10-01,2021-09-01,42200,PKI,0.3520864660064722,10.0
2021-10-01,2021-09-01,91068,CMG,0.27920589398275236,10.0
2021-10-01,2021-09-01,92402,MSCI,0.4557883468316648,10.0
2021-10-01,2021-09-01,61241,AMD,0.31082687426270234,10.0
2021-10-01,2021-09-01,17700,CDAY,0.3364178378310432,10.0
2021-10-01,2021-09-01,81736,RMD,0.3631638975191972,10.0
2021-10-01,2021-09-01,79452,CPT,0.35751554216062825,10.0
2021-10-01,2021-09-01,90601,NDAQ,0.31674632385620005,10.0
2021-10-01,2021-09-01,90664,DXCM,0.5216334624547894,10.0
2021-10-01,2021-09-01,14542,GOOG,0.28844004692951725,10.0
2021-10-01,2021-09-01,90455,MPWR,0.3760968537642768,10.0
2021-10-01,2021-09-01,14579,PAYC,0.3396466525131353,10.0
2021-10-01,2021-09-01,14617,ARES,0.33622875092104665,10.0
2021-10-01,2021-09-01,78975,INTU,0.41206422755287003,10.0
2021-10-01,2021-09-01,90319,GOOGL,0.2962397321907284,10.0
2021-10-01,2021-09-01,90305,EXR,0.28397877997788074,10.0
2021-10-01,2021-09-01,79698,IT,0.6646404396647554,10.0
2021-10-01,2021-09-01,90248,DPZ,0.30195437457082397,10.0
2021-10-01,2021-09-01,12622,HCA,0.29410217013942963,10.0
2021-10-01,2021-09-01,12591,APO,0.3332295456275456,10.0
2021-10-01,2021-09-01,90215,CRM,0.28012349096974454,10.0
2021-10-01,2021-09-01,80191,ALB,0.5046819211964351,10.0
2021-10-01,2021-09-01,18726,CRWD,0.3466664881050063,10.0
2021-10-01,2021-09-01,13928,COP,0.29956608779654054,10.0
2021-10-01,2021-09-01,12476,TRGP,0.5616174073508162,10.0
2021-10-01,2021-09-01,92108,BX,0.5850134694809488,10.0
2021-10-01,2021-09-01,92203,LULU,0.3194854527597924,10.0
2021-10-01,2021-09-01,62498,WST,0.5081276936739789,10.0
2021-10-01,2021-09-01,52476,EFX,0.40336683499599996,10.0
2021-10-01,2021-09-01,83597,FDS,0.2852256135778507,10.0
2021-10-01,2021-09-01,13641,FANG,0.30205940040363816,10.0
2021-10-01,2021-09-01,13210,EPAM,0.43810101893482306,10.0
2021-10-01,2021-09-01,87657,EW,0.35353742409647304,10.0
2021-10-01,2021-09-01,87137,DVN,0.6727374220275881,10.0
2021-10-01,2021-09-01,85792,PWR,0.2960866992371861,10.0
2021-10-01,2021-09-01,20583,CHK,0.4385302999831535,10.0
2021-10-01,2021-09-01,88281,CRL,0.42383543114510597,10.0
2021-10-01,2021-09-01,86580,NVDA,0.5525995220367017,10.0
2021-10-01,2021-09-01,80183,MAA,0.3172127391946066,10.0
2021-10-01,2021-09-01,87055,COST,0.27989334278395955,10.0
2021-10-01,2021-09-01,20189,DASH,0.5708078482593826,10.0
2021-10-01,2021-09-01,49680,DHR,0.35457379602273237,10.0
2021-10-01,2021-09-01,76614,REGN,0.2790697623179719,10.0
2021-10-01,2021-09-01,18911,DDOG,0.6960650846019136,10.0
2021-10-01,2021-09-01,93132,FTNT,0.5835596094358,10.0
2021-11-01,2021-10-01,89393,NFLX,0.34440019565739327,10.0
2021-11-01,2021-10-01,20894,APP,0.6936725295945785,10.0
2021-11-01,2021-10-01,79452,CPT,0.36967432008096274,10.0
2021-11-01,2021-10-01,62092,TMO,0.3476667009449242,10.0
2021-11-01,2021-10-01,25785,F,0.48007063021124924,10.0
2021-11-01,2021-10-01,92402,MSCI,0.3733099123622316,10.0
2021-11-01,2021-10-01,13447,NOW,0.377964384052192,10.0
2021-11-01,2021-10-01,20583,CHK,0.41752711822129135,10.0
2021-11-01,2021-10-01,13928,COP,0.4886889394094781,10.0
2021-11-01,2021-10-01,18911,DDOG,0.9476506485438236,10.0
2021-11-01,2021-10-01,18726,CRWD,0.3514946270258926,10.0
2021-11-01,2021-10-01,77037,ODFL,0.3259431421437921,10.0
2021-11-01,2021-10-01,22779,MSI,0.32851986990707205,10.0
2021-11-01,2021-10-01,14617,ARES,0.6361847388685733,10.0
2021-11-01,2021-10-01,13511,PANW,0.44058935675935357,10.0
2021-11-01,2021-10-01,79698,IT,0.6944560020907631,10.0
2021-11-01,2021-10-01,50876,LLY,0.40447645514454156,10.0
2021-11-01,2021-10-01,90664,DXCM,0.6141152713487739,10.0
2021-11-01,2021-10-01,18224,AMR,4.110837783399584,10.0
2021-11-01,2021-10-01,61241,AMD,0.47304492266712467,10.0
2021-11-01,2021-10-01,93246,GNRC,0.5390005580735986,10.0
2021-11-01,2021-10-01,20189,DASH,0.3606209746499717,10.0
2021-11-01,2021-10-01,93436,TSLA,0.5702517469101334,10.0
2021-11-01,2021-10-01,13641,FANG,0.3256214721088826,10.0
2021-11-01,2021-10-01,76614,REGN,0.3296053189260309,10.0
2021-11-01,2021-10-01,92203,LULU,0.38995267791612165,10.0
2021-11-01,2021-10-01,11990,KKR,0.4148309812011509,10.0
2021-11-01,2021-10-01,17700,CDAY,0.32567674590939116,10.0
2021-11-01,2021-10-01,18312,MRNA,0.9304915380105157,10.0
2021-11-01,2021-10-01,14579,PAYC,0.4251703090901111,10.0
2021-11-01,2021-10-01,12476,TRGP,0.5861674562302246,10.0
2021-11-01,2021-10-01,86580,NVDA,0.7040851739851484,10.0
2021-11-01,2021-10-01,77357,SNPS,0.34857995606060743,10.0
2021-11-01,2021-10-01,90305,EXR,0.3447871103011704,10.0
2021-11-01,2021-10-01,76082,CTRA,0.32668044492488246,10.0
2021-11-01,2021-10-01,42200,PKI,0.3657401359783409,10.0
2021-11-01,2021-10-01,78975,INTU,0.5225066743877651,10.0
2021-11-01,2021-10-01,87137,DVN,0.7644593034849256,10.0
2021-11-01,2021-10-01,83597,FDS,0.3263491150872556,10.0
2021-11-01,2021-10-01,81736,RMD,0.40362187281411027,10.0
2021-11-01,2021-10-01,91611,FSLR,0.562655063570044,10.0
2021-11-01,2021-10-01,12591,APO,0.4142260972387004,10.0
2021-11-01,2021-10-01,86356,EBAY,0.382457016549237,10.0
2021-11-01,2021-10-01,80191,ALB,0.4953647745752308,10.0
2021-11-01,2021-10-01,34817,NUE,0.3686215163833699,10.0
2021-11-01,2021-10-01,90455,MPWR,0.45815041362865117,10.0
2021-11-01,2021-10-01,88281,CRL,0.3496168741279898,10.0
2021-11-01,2021-10-01,13210,EPAM,0.4707595278151194,10.0
2021-11-01,2021-10-01,92108,BX,0.5861364489758782,10.0
2021-11-01,2021-10-01,93132,FTNT,0.6468695052006876,10.0
2021-12-01,2021-11-01,61241,AMD,0.9776458195841162,10.0
2021-12-01,2021-11-01,14579,PAYC,0.32730535004025724,10.0
2021-12-01,2021-11-01,14593,AAPL,0.3304664780262404,10.0
2021-12-01,2021-11-01,86580,NVDA,1.0123358655953627,10.0
2021-12-01,2021-11-01,75510,ADBE,0.3275385400717322,10.0
2021-12-01,2021-11-01,77178,QCOM,0.35513729480006506,10.0
2021-12-01,2021-11-01,77037,ODFL,0.34067278166603077,10.0
2021-12-01,2021-11-01,10107,MSFT,0.3290322869032871,10.0
2021-12-01,2021-11-01,62092,TMO,0.3492499712206004,10.0
2021-12-01,2021-11-01,11403,CDNS,0.39743407140095544,10.0
2021-12-01,2021-11-01,92108,BX,0.5477460936196488,10.0
2021-12-01,2021-11-01,92203,LULU,0.4062752008813471,10.0
2021-12-01,2021-11-01,90455,MPWR,0.6175858712058411,10.0
2021-12-01,2021-11-01,12093,COR,0.4369509571457643,10.0
2021-12-01,2021-11-01,25785,F,0.3274684208985628,10.0
2021-12-01,2021-11-01,12476,TRGP,0.33722222003332114,10.0
2021-12-01,2021-11-01,87055,COST,0.4308623549722093,10.0
2021-12-01,2021-11-01,80191,ALB,0.6013885058519952,10.0
2021-12-01,2021-11-01,13641,FANG,0.34648282441771955,10.0
2021-12-01,2021-11-01,13511,PANW,0.505684199408015,10.0
2021-12-01,2021-11-01,78975,INTU,0.4891936814531416,10.0
2021-12-01,2021-11-01,80183,MAA,0.3045129308878898,10.0
2021-12-01,2021-11-01,91611,FSLR,0.36118733910227735,10.0
2021-12-01,2021-11-01,83597,FDS,0.4068689298713569,10.0
2021-12-01,2021-11-01,21936,PFE,0.41239119318457,10.0
2021-12-01,2021-11-01,93132,FTNT,0.5196761583691678,10.0
2021-12-01,2021-11-01,20892,COIN,0.33169712217266956,10.0
2021-12-01,2021-11-01,14714,ANET,0.4621943379571525,10.0
2021-12-01,2021-11-01,87137,DVN,0.6299318120519506,10.0
2021-12-01,2021-11-01,93089,VRSK,0.30512257663769926,10.0
2021-12-01,2021-11-01,18312,MRNA,0.9049268216691075,10.0
2021-12-01,2021-11-01,90305,EXR,0.3525192237526286,10.0
2021-12-01,2021-11-01,46886,KLAC,0.2953309594931704,10.0
2021-12-01,2021-11-01,79452,CPT,0.3331723443430731,10.0
2021-12-01,2021-11-01,85592,PLD,0.2919323820332822,10.0
2021-12-01,2021-11-01,14939,KEYS,0.36592124353130695,10.0
2021-12-01,2021-11-01,16309,TTD,0.7584241358890891,10.0
2021-12-01,2021-11-01,93436,TSLA,0.830969409676775,10.0
2021-12-01,2021-11-01,77357,SNPS,0.3407253231131313,10.0
2021-12-01,2021-11-01,90664,DXCM,0.5230236033173801,10.0
2021-12-01,2021-11-01,18911,DDOG,0.958154341187587,10.0
2021-12-01,2021-11-01,14617,ARES,0.4915198370200387,10.0
2021-12-01,2021-11-01,79698,IT,0.34683383974994625,10.0
2021-12-01,2021-11-01,18224,AMR,1.3459239497102216,10.0
2021-12-01,2021-11-01,81481,DLTR,0.37261644395234356,10.0
2021-12-01,2021-11-01,13447,NOW,0.36680181194241246,10.0
2021-12-01,2021-11-01,11990,KKR,0.34226657620754247,10.0
2021-12-01,2021-11-01,88182,ON,0.5342150339870997,10.0
2021-12-01,2021-11-01,92402,MSCI,0.3490238244616396,10.0
2021-12-01,2021-11-01,90720,BLDR,0.5590492010867227,10.0
2022-01-01,2021-12-01,84373,DGX,0.32285177643088714,10.0
2022-01-01,2021-12-01,81481,DLTR,0.4122624281798244,10.0
2022-01-01,2021-12-01,78975,INTU,0.31543672080287394,10.0
2022-01-01,2021-12-01,87137,DVN,0.5658973576443704,10.0
2022-01-01,2021-12-01,83597,FDS,0.4537982934203635,10.0
2022-01-01,2021-12-01,77357,SNPS,0.33616159271258145,10.0
2022-01-01,2021-12-01,89641,STX,0.3037418171008557,10.0
2022-01-01,2021-12-01,80191,ALB,0.3923767098377386,10.0
2022-01-01,2021-12-01,11403,CDNS,0.36200949746229616,10.0
2022-01-01,2021-12-01,90305,EXR,0.4017472871351092,10.0
2022-01-01,2021-12-01,14714,ANET,0.5870383884354324,10.0
2022-01-01,2021-12-01,14939,KEYS,0.3374123865297513,10.0
2022-01-01,2021-12-01,80183,MAA,0.3846677099969472,10.0
2022-01-01,2021-12-01,61241,AMD,0.5319913145127464,10.0
2022-01-01,2021-12-01,91041,LYV,0.36648214896366044,10.0
2022-01-01,2021-12-01,18224,AMR,1.3819762425553561,10.0
2022-01-01,2021-12-01,86964,FFIV,0.31099283185336796,10.0
2022-01-01,2021-12-01,88182,ON,0.77429419369067,10.0
2022-01-01,2021-12-01,14593,AAPL,0.30034935044990996,10.0
2022-01-01,2021-12-01,85592,PLD,0.4207453386092268,10.0
2022-01-01,2021-12-01,90829,CF,0.3906658475388343,10.0
2022-01-01,2021-12-01,13511,PANW,0.5004970797311201,10.0
2022-01-01,2021-12-01,89071,ACN,0.41433577958138745,10.0
2022-01-01,2021-12-01,93436,TSLA,0.554772080884071,10.0
2022-01-01,2021-12-01,21936,PFE,0.5351924529810979,10.0
2022-01-01,2021-12-01,93132,FTNT,0.5088800389522845,10.0
2022-01-01,2021-12-01,42200,PKI,0.30322907950685457,10.0
2022-01-01,2021-12-01,21776,EXC,0.3231623948007891,10.0
2022-01-01,2021-12-01,13210,EPAM,0.30822447722260576,10.0
2022-01-01,2021-12-01,93089,VRSK,0.31266233168430124,10.0
2022-01-01,2021-12-01,13788,ZTS,0.3126309124627129,10.0
2022-01-01,2021-12-01,46886,KLAC,0.3342706896563041,10.0
2022-01-01,2021-12-01,66181,HD,0.3134461612480922,10.0
2022-01-01,2021-12-01,93002,AVGO,0.4146074665990872,10.0
2022-01-01,2021-12-01,79698,IT,0.3803472070816609,10.0
2022-01-01,2021-12-01,79452,CPT,0.3606033639237284,10.0
2022-01-01,2021-12-01,18911,DDOG,0.7112789039207035,10.0
2022-01-01,2021-12-01,92108,BX,0.3506359843371507,10.0
2022-01-01,2021-12-01,76605,AZO,0.4048803318357599,10.0
2022-01-01,2021-12-01,90455,MPWR,0.3242562139593402,10.0
2022-01-01,2021-12-01,61399,LOW,0.34287002743737327,10.0
2022-01-01,2021-12-01,62092,TMO,0.3238106106191914,10.0
2022-01-01,2021-12-01,81061,MCK,0.30559889806921126,10.0
2022-01-01,2021-12-01,90720,BLDR,1.009143023946712,10.0
2022-01-01,2021-12-01,62498,WST,0.3072338610222275,10.0
2022-01-01,2021-12-01,25785,F,0.40485838958890275,10.0
2022-01-01,2021-12-01,77037,ODFL,0.4138305002860795,10.0
2022-01-01,2021-12-01,86580,NVDA,0.47081631422719283,10.0
2022-01-01,2021-12-01,63467,BRO,0.32693915337901464,10.0
2022-01-01,2021-12-01,87055,COST,0.4397621631760882,10.0
2022-02-01,2022-01-01,34746,FITB,0.24684786785581206,10.0
2022-02-01,2022-01-01,27828,HPQ,0.28944773014112235,10.0
2022-02-01,2022-01-01,38156,WMB,0.23423134240943969,10.0
2022-02-01,2022-01-01,93436,TSLA,0.36309558288535554,10.0
2022-02-01,2022-01-01,75186,SCHW,0.29661964862659584,10.0
2022-02-01,2022-01-01,14277,SLB,0.3671597431007621,10.0
2022-02-01,2022-01-01,35554,MTB,0.2854478783941212,10.0
2022-02-01,2022-01-01,12872,MPC,0.3242872216982355,10.0
2022-02-01,2022-01-01,20583,CHK,0.2782248228814768,10.0
2022-02-01,2022-01-01,86580,NVDA,0.25614184158086606,10.0
2022-02-01,2022-01-01,75825,EOG,0.584630566199172,10.0
2022-02-01,2022-01-01,90386,MOS,0.2850942267522777,10.0
2022-02-01,2022-01-01,77730,TSN,0.28656042754080907,10.0
2022-02-01,2022-01-01,76082,CTRA,0.4315189208264546,10.0
2022-02-01,2022-01-01,25785,F,0.4701223001736534,10.0
2022-02-01,2022-01-01,13688,PCG,0.4550629580126099,10.0
2022-02-01,2022-01-01,14714,ANET,0.3071841485923131,10.0
2022-02-01,2022-01-01,14541,CVX,0.3230107733375746,10.0
2022-02-01,2022-01-01,34833,OXY,0.44434905211182624,10.0
2022-02-01,2022-01-01,11850,XOM,0.35781456063104206,10.0
2022-02-01,2022-01-01,89641,STX,0.23688791063234296,10.0
2022-02-01,2022-01-01,13511,PANW,0.2965771349239011,10.0
2022-02-01,2022-01-01,12476,TRGP,0.414022042876207,10.0
2022-02-01,2022-01-01,69649,RJF,0.23400502807439602,10.0
2022-02-01,2022-01-01,23819,HAL,0.4926263347831635,10.0
2022-02-01,2022-01-01,89138,BG,0.28917655006466464,10.0
2022-02-01,2022-01-01,75034,BKR,0.3120133322669396,10.0
2022-02-01,2022-01-01,13641,FANG,0.6522766427037416,10.0
2022-02-01,2022-01-01,81061,MCK,0.2651190286096189,10.0
2022-02-01,2022-01-01,91041,LYV,0.38813682058975196,10.0
2022-02-01,2022-01-01,85592,PLD,0.2354058175344156,10.0
2022-02-01,2022-01-01,61399,LOW,0.24033886271007354,10.0
2022-02-01,2022-01-01,64995,KEY,0.29734697447030356,10.0
2022-02-01,2022-01-01,88182,ON,0.5104964865295545,10.0
2022-02-01,2022-01-01,17005,CVS,0.30765706545844057,10.0
2022-02-01,2022-01-01,18224,AMR,1.2687478275889075,10.0
2022-02-01,2022-01-01,90720,BLDR,0.5278648901614298,10.0
2022-02-01,2022-01-01,90829,CF,0.473418284458173,10.0
2022-02-01,2022-01-01,85269,VLO,0.27461336861818214,10.0
2022-02-01,2022-01-01,13928,COP,0.594983310256693,10.0
2022-02-01,2022-01-01,18911,DDOG,0.3198731586695193,10.0
2022-02-01,2022-01-01,66800,AIG,0.2340307640734525,10.0
2022-02-01,2022-01-01,81481,DLTR,0.3149615509745084,10.0
2022-02-01,2022-01-01,10516,ADM,0.2704604614735954,10.0
2022-02-01,2022-01-01,39490,APA,0.7824003984677443,10.0
2022-02-01,2022-01-01,21936,PFE,0.25103939621858556,10.0
2022-02-01,2022-01-01,14889,CFG,0.2400495045007121,10.0
2022-02-01,2022-01-01,87137,DVN,1.030728664296762,10.0
2022-02-01,2022-01-01,18267,DELL,0.22781414375094264,10.0
2022-02-01,2022-01-01,21776,EXC,0.2568836965875515,10.0
2022-03-01,2022-02-01,88182,ON,0.41140552083744036,10.0
2022-03-01,2022-02-01,64995,KEY,0.2539744199674519,10.0
2022-03-01,2022-02-01,75825,EOG,0.762720655794803,10.0
2022-03-01,2022-02-01,14541,CVX,0.5212618784527638,10.0
2022-03-01,2022-02-01,11850,XOM,0.4743305792821573,10.0
2022-03-01,2022-02-01,20583,CHK,0.39363149526244906,10.0
2022-03-01,2022-02-01,85269,VLO,0.2906312412225463,10.0
2022-03-01,2022-02-01,90808,EXPE,0.3571635820821371,10.0
2022-03-01,2022-02-01,90720,BLDR,0.3965098573216383,10.0
2022-03-01,2022-02-01,89138,BG,0.3956837273993962,10.0
2022-03-01,2022-02-01,34746,FITB,0.24813684561834165,10.0
2022-03-01,2022-02-01,13511,PANW,0.28893129089802094,10.0
2022-03-01,2022-02-01,38156,WMB,0.3082717740349732,10.0
2022-03-01,2022-02-01,13688,PCG,0.23991335395729016,10.0
2022-03-01,2022-02-01,81774,FCX,0.2971707383009943,10.0
2022-03-01,2022-02-01,34833,OXY,0.7034626228159233,10.0
2022-03-01,2022-02-01,18224,AMR,1.4234212536131592,10.0
2022-03-01,2022-02-01,21776,EXC,0.24487054098531255,10.0
2022-03-01,2022-02-01,13356,PSX,0.2121047728006599,10.0
2022-03-01,2022-02-01,85913,MAR,0.2589922057600507,10.0
2022-03-01,2022-02-01,14277,SLB,0.4100455576259223,10.0
2022-03-01,2022-02-01,35554,MTB,0.3204165380014829,10.0
2022-03-01,2022-02-01,81481,DLTR,0.569252234757067,10.0
2022-03-01,2022-02-01,25785,F,0.36148230042044266,10.0
2022-03-01,2022-02-01,90829,CF,0.8033821099800462,10.0
2022-03-01,2022-02-01,10516,ADM,0.32170820912950165,10.0
2022-03-01,2022-02-01,24766,NOC,0.2124103731376829,10.0
2022-03-01,2022-02-01,13721,ABBV,0.25114315679159727,10.0
2022-03-01,2022-02-01,13928,COP,0.7320633844468596,10.0
2022-03-01,2022-02-01,90386,MOS,0.6367563216976995,10.0
2022-03-01,2022-02-01,76082,CTRA,0.5252383751780634,10.0
2022-03-01,2022-02-01,87137,DVN,1.0911048654290787,10.0
2022-03-01,2022-02-01,13641,FANG,0.7981752397755766,10.0
2022-03-01,2022-02-01,14889,CFG,0.2159269311915539,10.0
2022-03-01,2022-02-01,17830,RTX,0.2253636989522447,10.0
2022-03-01,2022-02-01,12872,MPC,0.33537500011621135,10.0
2022-03-01,2022-02-01,24328,EQT,0.26929348174186235,10.0
2022-03-01,2022-02-01,12476,TRGP,0.5000889886921123,10.0
2022-03-01,2022-02-01,39490,APA,0.8406229424843461,10.0
2022-03-01,2022-02-01,23819,HAL,0.6813520572641454,10.0
2022-03-01,2022-02-01,17743,WRB,0.2184702441750082,10.0
2022-03-01,2022-02-01,21178,LMT,0.22364525738948357,10.0
2022-03-01,2022-02-01,14714,ANET,0.3284984693640484,10.0
2022-03-01,2022-02-01,89269,CNC,0.3118449389883779,10.0
2022-03-01,2022-02-01,91041,LYV,0.39354159116306775,10.0
2022-03-01,2022-02-01,16736,VST,0.21384522602127867,10.0
2022-03-01,2022-02-01,17005,CVS,0.21318050925775037,10.0
2022-03-01,2022-02-01,25232,OKE,0.28150525604090243,10.0
2022-03-01,2022-02-01,75034,BKR,0.30751323199244407,10.0
2022-03-01,2022-02-01,81061,MCK,0.3521475000510212,10.0
2022-04-01,2022-03-01,90829,CF,0.8626557943301902,10.0
2022-04-01,2022-03-01,14277,SLB,0.4042976525307479,10.0
2022-04-01,2022-03-01,38762,NI,0.3349283296573851,10.0
2022-04-01,2022-03-01,81061,MCK,0.5413697637327619,10.0
2022-04-01,2022-03-01,38156,WMB,0.32491670857348376,10.0
2022-04-01,2022-03-01,13928,COP,0.5005749107887052,10.0
2022-04-01,2022-03-01,13641,FANG,0.4608931143512339,10.0
2022-04-01,2022-03-01,39490,APA,0.9408020154268342,10.0
2022-04-01,2022-03-01,81481,DLTR,0.6731108542827176,10.0
2022-04-01,2022-03-01,13721,ABBV,0.5368278323255724,10.0
2022-04-01,2022-03-01,48725,UNP,0.4073420479365632,10.0
2022-04-01,2022-03-01,20583,CHK,0.4518056583489884,10.0
2022-04-01,2022-03-01,52695,GWW,0.3212975018623662,10.0
2022-04-01,2022-03-01,24328,EQT,0.6909861670520598,10.0
2022-04-01,2022-03-01,89179,ANTM,0.32500887641928916,10.0
2022-04-01,2022-03-01,11404,ED,0.33014337936238364,10.0
2022-04-01,2022-03-01,23819,HAL,0.7614899140563278,10.0
2022-04-01,2022-03-01,21207,NEM,0.4881427353941692,10.0
2022-04-01,2022-03-01,90386,MOS,0.8697590522159226,10.0
2022-04-01,2022-03-01,89138,BG,0.3772023679950941,10.0
2022-04-01,2022-03-01,85269,VLO,0.4745501101861758,10.0
2022-04-01,2022-03-01,88182,ON,0.3679259931453164,10.0
2022-04-01,2022-03-01,14714,ANET,0.6177390113122874,10.0
2022-04-01,2022-03-01,11850,XOM,0.439217058436592,10.0
2022-04-01,2022-03-01,84262,STLD,0.43846053348105485,10.0
2022-04-01,2022-03-01,76744,VRTX,0.43872380427152763,10.0
2022-04-01,2022-03-01,18224,AMR,1.6503316948216509,10.0
2022-04-01,2022-03-01,18592,CTVA,0.3736672691118433,10.0
2022-04-01,2022-03-01,21776,EXC,0.4127648632335041,10.0
2022-04-01,2022-03-01,12476,TRGP,0.545688268680496,10.0
2022-04-01,2022-03-01,86136,SRE,0.3499902789568853,10.0
2022-04-01,2022-03-01,16678,KR,0.43257305895806214,10.0
2022-04-01,2022-03-01,12872,MPC,0.40596764087778087,10.0
2022-04-01,2022-03-01,17743,WRB,0.3865355370471613,10.0
2022-04-01,2022-03-01,75825,EOG,0.5516211445877472,10.0
2022-04-01,2022-03-01,93436,TSLA,0.38959129829507105,10.0
2022-04-01,2022-03-01,86580,NVDA,0.3175314884376382,10.0
2022-04-01,2022-03-01,34833,OXY,0.9231626876735095,10.0
2022-04-01,2022-03-01,81774,FCX,0.5373236398772281,10.0
2022-04-01,2022-03-01,14541,CVX,0.6408341457690769,10.0
2022-04-01,2022-03-01,10516,ADM,0.5204268950568005,10.0
2022-04-01,2022-03-01,27828,HPQ,0.3450210428064471,10.0
2022-04-01,2022-03-01,34817,NUE,0.5209916390610401,10.0
2022-04-01,2022-03-01,93002,AVGO,0.315645927355533,10.0
2022-04-01,2022-03-01,87137,DVN,0.7271763506717828,10.0
2022-04-01,2022-03-01,64653,PSA,0.32852890343193647,10.0
2022-04-01,2022-03-01,32986,ATO,0.37332691015114494,10.0
2022-04-01,2022-03-01,16736,VST,0.38005882982936007,10.0
2022-04-01,2022-03-01,75034,BKR,0.4926039890504264,10.0
2022-04-01,2022-03-01,89269,CNC,0.35114743477511173,10.0
2022-05-01,2022-04-01,76744,VRTX,0.4774240910824677,10.0
2022-05-01,2022-04-01,89155,MKC,0.26213641003739097,10.0
2022-05-01,2022-04-01,89138,BG,0.23411852721448223,10.0
2022-05-01,2022-04-01,85269,VLO,0.47737731882495926,10.0
2022-05-01,2022-04-01,18224,AMR,1.504289365965295,10.0
2022-05-01,2022-04-01,64899,STZ,0.26342366444050835,10.0
2022-05-01,2022-04-01,21371,CAH,0.23636583112436138,10.0
2022-05-01,2022-04-01,13901,MO,0.3060014454068799,10.0
2022-05-01,2022-04-01,76082,CTRA,0.39942518062118626,10.0
2022-05-01,2022-04-01,90829,CF,0.7198643136721028,10.0
2022-05-01,2022-04-01,10516,ADM,0.40929742742154523,10.0
2022-05-01,2022-04-01,87137,DVN,0.5053970622901351,10.0
2022-05-01,2022-04-01,75825,EOG,0.32113793690991677,10.0
2022-05-01,2022-04-01,75034,BKR,0.25389844030176656,10.0
2022-05-01,2022-04-01,21776,EXC,0.2610320544311111,10.0
2022-05-01,2022-04-01,19393,BMY,0.30980439685787753,10.0
2022-05-01,2022-04-01,11404,ED,0.2543322844556844,10.0
2022-05-01,2022-04-01,21178,LMT,0.3197002888673776,10.0
2022-05-01,2022-04-01,21207,NEM,0.3721020942932102,10.0
2022-05-01,2022-04-01,13721,ABBV,0.3059039240613334,10.0
2022-05-01,2022-04-01,11850,XOM,0.35537775646286257,10.0
2022-05-01,2022-04-01,18592,CTVA,0.3444973958638821,10.0
2022-05-01,2022-04-01,86136,SRE,0.2842364357497554,10.0
2022-05-01,2022-04-01,14277,SLB,0.21841040297060935,10.0
2022-05-01,2022-04-01,20583,CHK,0.3225357719328037,10.0
2022-05-01,2022-04-01,52090,MKC,0.2629349764277319,10.0
2022-05-01,2022-04-01,84262,STLD,0.30842025595273453,10.0
2022-05-01,2022-04-01,59248,TAP,0.24638417135924226,10.0
2022-05-01,2022-04-01,24766,NOC,0.24024535852314977,10.0
2022-05-01,2022-04-01,13928,COP,0.29603197497302897,10.0
2022-05-01,2022-04-01,90386,MOS,0.5080623257482286,10.0
2022-05-01,2022-04-01,81540,ABC,0.24851069947931143,10.0
2022-05-01,2022-04-01,24328,EQT,1.00736728470583,10.0
2022-05-01,2022-04-01,12872,MPC,0.3452410943783656,10.0
2022-05-01,2022-04-01,32870,HRL,0.25064652571297125,10.0
2022-05-01,2022-04-01,32986,ATO,0.24787212863635724,10.0
2022-05-01,2022-04-01,14541,CVX,0.39894495984220885,10.0
2022-05-01,2022-04-01,34817,NUE,0.39704405917393626,10.0
2022-05-01,2022-04-01,38156,WMB,0.2557334763101133,10.0
2022-05-01,2022-04-01,34833,OXY,0.6472675916035873,10.0
2022-05-01,2022-04-01,27828,HPQ,0.2243425700950703,10.0
2022-05-01,2022-04-01,39490,APA,0.5725112585345047,10.0
2022-05-01,2022-04-01,81481,DLTR,0.5075183804103858,10.0
2022-05-01,2022-04-01,16600,HSY,0.29975169499394255,10.0
2022-05-01,2022-04-01,81061,MCK,0.4951507868614008,10.0
2022-05-01,2022-04-01,16678,KR,0.361226547323057,10.0
2022-05-01,2022-04-01,16736,VST,0.29635403241007824,10.0
2022-05-01,2022-04-01,12476,TRGP,0.3570957010453631,10.0
2022-05-01,2022-04-01,23819,HAL,0.4334025614405939,10.0
2022-05-01,2022-04-01,17743,WRB,0.2727921758733255,10.0
2022-06-01,2022-05-01,38156,WMB,0.423032061814156,10.0
2022-06-01,2022-05-01,16736,VST,0.346371075900277,10.0
2022-06-01,2022-05-01,90829,CF,0.643286707597635,10.0
2022-06-01,2022-05-01,85269,VLO,0.9739026836149192,10.0
2022-06-01,2022-05-01,39490,APA,0.8369381974656267,10.0
2022-06-01,2022-05-01,14008,AMGN,0.3124537671707415,10.0
2022-06-01,2022-05-01,20391,TPL,0.3012396608680462,10.0
2022-06-01,2022-05-01,14541,CVX,0.5770239470204672,10.0
2022-06-01,2022-05-01,32986,ATO,0.30385326944157576,10.0
2022-06-01,2022-05-01,87137,DVN,0.8471078113991595,10.0
2022-06-01,2022-05-01,87356,WWE,0.35903839912224333,10.0
2022-06-01,2022-05-01,34833,OXY,1.3436674052888953,10.0
2022-06-01,2022-05-01,89138,BG,0.3802978078148345,10.0
2022-06-01,2022-05-01,20583,CHK,0.7146451943960779,10.0
2022-06-01,2022-05-01,21776,EXC,0.3369158881740808,10.0
2022-06-01,2022-05-01,86136,SRE,0.3885588792671482,10.0
2022-06-01,2022-05-01,13901,MO,0.3150438606100489,10.0
2022-06-01,2022-05-01,16431,LW,0.3116501766934194,10.0
2022-06-01,2022-05-01,24328,EQT,1.4778158374681798,10.0
2022-06-01,2022-05-01,84262,STLD,0.43958701401193695,10.0
2022-06-01,2022-05-01,38762,NI,0.30373615909420865,10.0
2022-06-01,2022-05-01,18592,CTVA,0.39891302336088946,10.0
2022-06-01,2022-05-01,18224,AMR,2.471558454459868,10.0
2022-06-01,2022-05-01,90071,NRG,0.30195269096964567,10.0
2022-06-01,2022-05-01,19393,BMY,0.4297121697735269,10.0
2022-06-01,2022-05-01,13721,ABBV,0.30332672139418493,10.0
2022-06-01,2022-05-01,24766,NOC,0.3517480648350101,10.0
2022-06-01,2022-05-01,23819,HAL,0.8920287985505708,10.0
2022-06-01,2022-05-01,21178,LMT,0.33736048790124534,10.0
2022-06-01,2022-05-01,13928,COP,0.6263596232021029,10.0
2022-06-01,2022-05-01,81061,MCK,0.5211426347224315,10.0
2022-06-01,2022-05-01,90386,MOS,0.8387243958486021,10.0
2022-06-01,2022-05-01,81540,ABC,0.34570244013708973,10.0
2022-06-01,2022-05-01,17743,WRB,0.41420251249633416,10.0
2022-06-01,2022-05-01,14277,SLB,0.6137813386043653,10.0
2022-06-01,2022-05-01,75825,EOG,0.6469578887515237,10.0
2022-06-01,2022-05-01,13356,PSX,0.48842131102403763,10.0
2022-06-01,2022-05-01,12476,TRGP,0.4097919871855065,10.0
2022-06-01,2022-05-01,64186,CI,0.41171001621207154,10.0
2022-06-01,2022-05-01,12558,KMI,0.31337924832432484,10.0
2022-06-01,2022-05-01,76744,VRTX,0.43709293265004895,10.0
2022-06-01,2022-05-01,75034,BKR,0.5595080192687667,10.0
2022-06-01,2022-05-01,12872,MPC,0.695195856330399,10.0
2022-06-01,2022-05-01,11850,XOM,0.6386880484917681,10.0
2022-06-01,2022-05-01,11404,ED,0.3015565526528553,10.0
2022-06-01,2022-05-01,76082,CTRA,0.7823725713308263,10.0
2022-06-01,2022-05-01,64390,PGR,0.30592231863520264,10.0
2022-06-01,2022-05-01,12345,LYB,0.326513536639602,10.0
2022-06-01,2022-05-01,10516,ADM,0.4742038147166552,10.0
2022-06-01,2022-05-01,13641,FANG,0.4655486859761112,10.0
2022-07-01,2022-06-01,11404,ED,0.1347601163427791,10.0
2022-07-01,2022-06-01,75034,BKR,0.2138876338519993,10.0
2022-07-01,2022-06-01,59248,TAP,0.1931774133867993,10.0
2022-07-01,2022-06-01,64186,CI,0.1581222097727725,10.0
2022-07-01,2022-06-01,23819,HAL,0.3804310144470188,10.0
2022-07-01,2022-06-01,39490,APA,0.30693311307992743,10.0
2022-07-01,2022-06-01,17830,RTX,0.12966390069786968,10.0
2022-07-01,2022-06-01,21178,LMT,0.22531310492647458,10.0
2022-07-01,2022-06-01,14541,CVX,0.25732868511438073,10.0
2022-07-01,2022-06-01,91937,TMUS,0.16002762304230958,10.0
2022-07-01,2022-06-01,20391,TPL,0.21000122063716656,10.0
2022-07-01,2022-06-01,20583,CHK,0.3177711168153859,10.0
2022-07-01,2022-06-01,17743,WRB,0.2555349718333442,10.0
2022-07-01,2022-06-01,76082,CTRA,0.4150969977662871,10.0
2022-07-01,2022-06-01,22752,MRK,0.20994025957585064,10.0
2022-07-01,2022-06-01,18592,CTVA,0.15114705395463815,10.0
2022-07-01,2022-06-01,85269,VLO,0.44264746003352623,10.0
2022-07-01,2022-06-01,66093,T,0.15043692699946948,10.0
2022-07-01,2022-06-01,81061,MCK,0.3164708790945651,10.0
2022-07-01,2022-06-01,12476,TRGP,0.15440160229185756,10.0
2022-07-01,2022-06-01,34833,OXY,1.03969829757906,10.0
2022-07-01,2022-06-01,11850,XOM,0.42959410730195,10.0
2022-07-01,2022-06-01,16431,LW,0.13617488333801803,10.0
2022-07-01,2022-06-01,87137,DVN,0.2942332156186617,10.0
2022-07-01,2022-06-01,24328,EQT,0.5912716078680023,10.0
2022-07-01,2022-06-01,10516,ADM,0.15935233550798839,10.0
2022-07-01,2022-06-01,13928,COP,0.26910771949302925,10.0
2022-07-01,2022-06-01,14277,SLB,0.20238749548993606,10.0
2022-07-01,2022-06-01,17144,GIS,0.13634671099824056,10.0
2022-07-01,2022-06-01,12623,HII,0.1801512221049221,10.0
2022-07-01,2022-06-01,87356,WWE,0.2716145115550942,10.0
2022-07-01,2022-06-01,91547,LDOS,0.14100681740708274,10.0
2022-07-01,2022-06-01,18224,AMR,1.1205837794005546,10.0
2022-07-01,2022-06-01,75825,EOG,0.28832349150573544,10.0
2022-07-01,2022-06-01,13356,PSX,0.15558659262019522,10.0
2022-07-01,2022-06-01,19393,BMY,0.26382268378375084,10.0
2022-07-01,2022-06-01,64899,STZ,0.17359086361271994,10.0
2022-07-01,2022-06-01,50876,LLY,0.1826731774814281,10.0
2022-07-01,2022-06-01,13641,FANG,0.15581788912984368,10.0
2022-07-01,2022-06-01,90386,MOS,0.20768074093540217,10.0
2022-07-01,2022-06-01,21776,EXC,0.1253840794785023,10.0
2022-07-01,2022-06-01,86136,SRE,0.144186430464324,10.0
2022-07-01,2022-06-01,76744,VRTX,0.28319768408736085,10.0
2022-07-01,2022-06-01,12872,MPC,0.3019308321915065,10.0
2022-07-01,2022-06-01,64390,PGR,0.13473092337158607,10.0
2022-07-01,2022-06-01,90829,CF,0.2209877102105539,10.0
2022-07-01,2022-06-01,38156,WMB,0.2287176627637691,10.0
2022-07-01,2022-06-01,24766,NOC,0.24569058496032598,10.0
2022-07-01,2022-06-01,25582,LHX,0.14376090806189354,10.0
2022-07-01,2022-06-01,13721,ABBV,0.15325348730476573,10.0
2022-08-01,2022-07-01,34833,OXY,0.7528564534043727,10.0
2022-08-01,2022-07-01,22623,CEG,0.2541996708070468,10.0
2022-08-01,2022-07-01,89269,CNC,0.19560089719731333,10.0
2022-08-01,2022-07-01,16736,VST,0.20365861474789734,10.0
2022-08-01,2022-07-01,91547,LDOS,0.2048164806361809,10.0
2022-08-01,2022-07-01,14541,CVX,0.27092624346629784,10.0
2022-08-01,2022-07-01,38156,WMB,0.16727803930202054,10.0
2022-08-01,2022-07-01,11403,CDNS,0.22308304357135936,10.0
2022-08-01,2022-07-01,24328,EQT,1.0904086980488898,10.0
2022-08-01,2022-07-01,12476,TRGP,0.18124546125380103,10.0
2022-08-01,2022-07-01,85059,FIX,0.18053007699681667,10.0
2022-08-01,2022-07-01,87137,DVN,0.2857013013947916,10.0
2022-08-01,2022-07-01,81481,DLTR,0.26017518215860963,10.0
2022-08-01,2022-07-01,36003,ROL,0.2579642659714958,10.0
2022-08-01,2022-07-01,18224,AMR,1.1684536894161046,10.0
2022-08-01,2022-07-01,77357,SNPS,0.18357678539481376,10.0
2022-08-01,2022-07-01,88664,JKHY,0.24468785113811178,10.0
2022-08-01,2022-07-01,91907,SMCI,0.33292420948126367,10.0
2022-08-01,2022-07-01,11850,XOM,0.30343668457551914,10.0
2022-08-01,2022-07-01,84262,STLD,0.4156051489395413,10.0
2022-08-01,2022-07-01,81061,MCK,0.3347357226312309,10.0
2022-08-01,2022-07-01,48653,HUM,0.23229667903484968,10.0
2022-08-01,2022-07-01,76082,CTRA,0.45620929827867934,10.0
2022-08-01,2022-07-01,44644,ADP,0.18099484433879057,10.0
2022-08-01,2022-07-01,20391,TPL,0.7324067347509469,10.0
2022-08-01,2022-07-01,24766,NOC,0.30441254766585846,10.0
2022-08-01,2022-07-01,87356,WWE,0.39344897155954683,10.0
2022-08-01,2022-07-01,91937,TMUS,0.322547734200004,10.0
2022-08-01,2022-07-01,16431,LW,0.25017861209703285,10.0
2022-08-01,2022-07-01,12623,HII,0.17195519610865645,10.0
2022-08-01,2022-07-01,34817,NUE,0.35005431791358493,10.0
2022-08-01,2022-07-01,64186,CI,0.20579768203729834,10.0
2022-08-01,2022-07-01,20583,CHK,0.44821346035124593,10.0
2022-08-01,2022-07-01,64899,STZ,0.323205996217016,10.0
2022-08-01,2022-07-01,12872,MPC,0.2945936981687,10.0
2022-08-01,2022-07-01,93096,DG,0.197188044134705,10.0
2022-08-01,2022-07-01,18592,CTVA,0.20329234467605223,10.0
2022-08-01,2022-07-01,11404,ED,0.1690355064370414,10.0
2022-08-01,2022-07-01,91611,FSLR,0.2652466048376517,10.0
2022-08-01,2022-07-01,17307,VICI,0.22534241397914245,10.0
2022-08-01,2022-07-01,86136,SRE,0.21809261978756192,10.0
2022-08-01,2022-07-01,59248,TAP,0.271927867635283,10.0
2022-08-01,2022-07-01,50876,LLY,0.35367891185837613,10.0
2022-08-01,2022-07-01,21371,CAH,0.1759799814256083,10.0
2022-08-01,2022-07-01,24643,HWM,0.19568382616306787,10.0
2022-08-01,2022-07-01,32942,HUBB,0.1826317839519336,10.0
2022-08-01,2022-07-01,85269,VLO,0.3611542757800116,10.0
2022-08-01,2022-07-01,90829,CF,0.3977094670351275,10.0
2022-08-01,2022-07-01,90386,MOS,0.324281310584801,10.0
2022-08-01,2022-07-01,85792,PWR,0.3520241706335176,10.0
2022-09-01,2022-08-01,38093,AJG,0.1550640282160405,10.0
2022-09-01,2022-08-01,93096,DG,0.20262430535878365,10.0
2022-09-01,2022-08-01,91611,FSLR,0.6941156742010965,10.0
2022-09-01,2022-08-01,24328,EQT,1.0802628717858194,10.0
2022-09-01,2022-08-01,91907,SMCI,0.6564031385764508,10.0
2022-09-01,2022-08-01,91849,BR,0.18154116116679234,10.0
2022-09-01,2022-08-01,86228,RSG,0.19486812386631602,10.0
2022-09-01,2022-08-01,12872,MPC,0.30932732643105704,10.0
2022-09-01,2022-08-01,32942,HUBB,0.16958319562780147,10.0
2022-09-01,2022-08-01,86136,SRE,0.16106808000761158,10.0
2022-09-01,2022-08-01,85792,PWR,0.29844563958095766,10.0
2022-09-01,2022-08-01,87356,WWE,0.15227185919800712,10.0
2022-09-01,2022-08-01,91937,TMUS,0.16841189246721472,10.0
2022-09-01,2022-08-01,16431,LW,0.2054770970974457,10.0
2022-09-01,2022-08-01,11404,ED,0.158061298933374,10.0
2022-09-01,2022-08-01,21371,CAH,0.3332468146756849,10.0
2022-09-01,2022-08-01,34833,OXY,0.6305158243213975,10.0
2022-09-01,2022-08-01,84262,STLD,0.15415692402995043,10.0
2022-09-01,2022-08-01,82486,ERIE,0.2421686797313582,10.0
2022-09-01,2022-08-01,13210,EPAM,1.0529462746922738,10.0
2022-09-01,2022-08-01,21792,CNP,0.1656427993812492,10.0
2022-09-01,2022-08-01,85059,FIX,0.17216493697787455,10.0
2022-09-01,2022-08-01,76712,AES,0.21636664820218315,10.0
2022-09-01,2022-08-01,64390,PGR,0.15979783430876404,10.0
2022-09-01,2022-08-01,81061,MCK,0.3386159672425968,10.0
2022-09-01,2022-08-01,46674,GPC,0.2947423668290627,10.0
2022-09-01,2022-08-01,64899,STZ,0.4642842531712095,10.0
2022-09-01,2022-08-01,85459,CHRW,0.19310010683047657,10.0
2022-09-01,2022-08-01,17144,GIS,0.15549145630952788,10.0
2022-09-01,2022-08-01,76082,CTRA,0.41257757436341713,10.0
2022-09-01,2022-08-01,18411,SO,0.21134224685620626,10.0
2022-09-01,2022-08-01,20583,CHK,0.3963768970688951,10.0
2022-09-01,2022-08-01,50876,LLY,0.21305769259967972,10.0
2022-09-01,2022-08-01,90829,CF,0.28409923929691505,10.0
2022-09-01,2022-08-01,17307,VICI,0.21024480129598935,10.0
2022-09-01,2022-08-01,76744,VRTX,0.2249373379225095,10.0
2022-09-01,2022-08-01,52695,GWW,0.17104824581284864,10.0
2022-09-01,2022-08-01,85269,VLO,0.4267316433174459,10.0
2022-09-01,2022-08-01,44644,ADP,0.2072394653434906,10.0
2022-09-01,2022-08-01,18592,CTVA,0.18666797443989283,10.0
2022-09-01,2022-08-01,18224,AMR,0.6623092061307481,10.0
2022-09-01,2022-08-01,20391,TPL,0.5723080034029717,10.0
2022-09-01,2022-08-01,80191,ALB,0.3729009522465337,10.0
2022-09-01,2022-08-01,13928,COP,0.17644214652500834,10.0
2022-09-01,2022-08-01,87137,DVN,0.2267997835244832,10.0
2022-09-01,2022-08-01,64186,CI,0.203012724759033,10.0
2022-09-01,2022-08-01,11955,WM,0.1802854358307954,10.0
2022-09-01,2022-08-01,23536,WEC,0.15106357626357347,10.0
2022-09-01,2022-08-01,22623,CEG,0.7822232051059248,10.0
2022-09-01,2022-08-01,11850,XOM,0.24300624901662,10.0
2022-10-01,2022-09-01,82486,ERIE,0.27730790061587124,10.0
2022-10-01,2022-09-01,85269,VLO,0.07050107572668328,10.0
2022-10-01,2022-09-01,20391,TPL,0.3339034940863912,10.0
2022-10-01,2022-09-01,46674,GPC,0.1994522873181305,10.0
2022-10-01,2022-09-01,75591,IEX,0.04918239008848832,10.0
2022-10-01,2022-09-01,24766,NOC,0.059281381206167244,10.0
2022-10-01,2022-09-01,16431,LW,0.3005329358414833,10.0
2022-10-01,2022-09-01,64899,STZ,0.28418059873270196,10.0
2022-10-01,2022-09-01,12872,MPC,0.17567620939133693,10.0
2022-10-01,2022-09-01,91907,SMCI,0.4465468414012174,10.0
2022-10-01,2022-09-01,18224,AMR,0.042621664719377214,10.0
2022-10-01,2022-09-01,25320,CPB,0.0740813676630221,10.0
2022-10-01,2022-09-01,80191,ALB,0.19935211398296726,10.0
2022-10-01,2022-09-01,86228,RSG,0.03407310335367388,10.0
2022-10-01,2022-09-01,76605,AZO,0.04761231332647381,10.0
2022-10-01,2022-09-01,12623,HII,0.12226157532179513,10.0
2022-10-01,2022-09-01,48653,HUM,0.11861100527573745,10.0
2022-10-01,2022-09-01,32942,HUBB,0.22628535057719734,10.0
2022-10-01,2022-09-01,50876,LLY,0.13653200339934435,10.0
2022-10-01,2022-09-01,64186,CI,0.16751835896087752,10.0
2022-10-01,2022-09-01,22623,CEG,0.4853972444354408,10.0
2022-10-01,2022-09-01,87356,WWE,0.12787045886263482,10.0
2022-10-01,2022-09-01,90562,TAP,0.05409017316823044,10.0
2022-10-01,2022-09-01,76744,VRTX,0.10947588893717342,10.0
2022-10-01,2022-09-01,76841,BIIB,0.2678066106058728,10.0
2022-10-01,2022-09-01,91937,TMUS,0.045345368962954206,10.0
2022-10-01,2022-09-01,86288,CSGP,0.04563960675901886,10.0
2022-10-01,2022-09-01,35554,MTB,0.05408616867592429,10.0
2022-10-01,2022-09-01,34833,OXY,0.08732066043604464,10.0
2022-10-01,2022-09-01,93429,CBOE,0.03438266890720908,10.0
2022-10-01,2022-09-01,11850,XOM,0.07801367078291865,10.0
2022-10-01,2022-09-01,87137,DVN,0.05775098141363836,10.0
2022-10-01,2022-09-01,24328,EQT,0.19260468033780567,10.0
2022-10-01,2022-09-01,93096,DG,0.0824235881932779,10.0
2022-10-01,2022-09-01,13035,XYL,0.03181097543979931,10.0
2022-10-01,2022-09-01,21371,CAH,0.19599287563954398,10.0
2022-10-01,2022-09-01,81061,MCK,0.11343850470929945,10.0
2022-10-01,2022-09-01,79686,DECK,0.1418709992592743,10.0
2022-10-01,2022-09-01,77274,GILD,0.0625549360463392,10.0
2022-10-01,2022-09-01,13928,COP,0.054532282762799276,10.0
2022-10-01,2022-09-01,40539,TJX,0.03574758626042688,10.0
2022-10-01,2022-09-01,13210,EPAM,0.2210975850147714,10.0
2022-10-01,2022-09-01,88031,MNST,0.08835964824350018,10.0
2022-10-01,2022-09-01,91611,FSLR,0.5795309298725249,10.0
2022-10-01,2022-09-01,17307,VICI,0.07466857364646637,10.0
2022-10-01,2022-09-01,17144,GIS,0.14769652768106184,10.0
2022-10-01,2022-09-01,85059,FIX,0.09672193014793878,10.0
2022-10-01,2022-09-01,20583,CHK,0.13872240792137966,10.0
2022-10-01,2022-09-01,22752,MRK,0.06657240498208242,10.0
2022-10-01,2022-09-01,13688,PCG,0.04690165107131545,10.0
2022-11-01,2022-10-01,16431,LW,0.31340362918980147,10.0
2022-11-01,2022-10-01,77274,GILD,0.353907786931808,10.0
2022-11-01,2022-10-01,82694,EME,0.3283793760473347,10.0
2022-11-01,2022-10-01,85792,PWR,0.22605037849446155,10.0
2022-11-01,2022-10-01,14579,PAYC,0.22926170401299514,10.0
2022-11-01,2022-10-01,11850,XOM,0.3254778531400833,10.0
2022-11-01,2022-10-01,91907,SMCI,0.6529691586012201,10.0
2022-11-01,2022-10-01,89195,PFG,0.31601725937096764,10.0
2022-11-01,2022-10-01,89393,NFLX,0.533305561156324,10.0
2022-11-01,2022-10-01,89031,AXON,0.29625625637555497,10.0
2022-11-01,2022-10-01,76841,BIIB,0.3663716740092165,10.0
2022-11-01,2022-10-01,12623,HII,0.22105378139791354,10.0
2022-11-01,2022-10-01,22623,CEG,0.6036691399951648,10.0
2022-11-01,2022-10-01,14939,KEYS,0.2415342943617087,10.0
2022-11-01,2022-10-01,76712,AES,0.2980001252313852,10.0
2022-11-01,2022-10-01,90071,NRG,0.25807470787065895,10.0
2022-11-01,2022-10-01,76605,AZO,0.2952780045288331,10.0
2022-11-01,2022-10-01,92043,IBKR,0.3500761785109798,10.0
2022-11-01,2022-10-01,11533,FICO,0.281999997431762,10.0
2022-11-01,2022-10-01,24766,NOC,0.25851831898429284,10.0
2022-11-01,2022-10-01,91937,TMUS,0.2307951079467553,10.0
2022-11-01,2022-10-01,64186,CI,0.3198533391282303,10.0
2022-11-01,2022-10-01,85059,FIX,0.4646567911935288,10.0
2022-11-01,2022-10-01,21371,CAH,0.3297049281995439,10.0
2022-11-01,2022-10-01,13928,COP,0.3601942939945164,10.0
2022-11-01,2022-10-01,91611,FSLR,0.9932897039035102,10.0
2022-11-01,2022-10-01,13356,PSX,0.22759207499052508,10.0
2022-11-01,2022-10-01,32942,HUBB,0.2284366919578301,10.0
2022-11-01,2022-10-01,87137,DVN,0.3831247375855779,10.0
2022-11-01,2022-10-01,13210,EPAM,0.32080471089889057,10.0
2022-11-01,2022-10-01,79686,DECK,0.3167644576805982,10.0
2022-11-01,2022-10-01,13035,XYL,0.2813394266060299,10.0
2022-11-01,2022-10-01,82486,ERIE,0.62033763969698,10.0
2022-11-01,2022-10-01,81061,MCK,0.26126606960985577,10.0
2022-11-01,2022-10-01,20583,CHK,0.3111990071785954,10.0
2022-11-01,2022-10-01,14277,SLB,0.3451110964807786,10.0
2022-11-01,2022-10-01,36003,ROL,0.26175244052069013,10.0
2022-11-01,2022-10-01,86288,CSGP,0.30022135193167815,10.0
2022-11-01,2022-10-01,34833,OXY,0.3230882252202489,10.0
2022-11-01,2022-10-01,41080,CMI,0.31056583143751304,10.0
2022-11-01,2022-10-01,50876,LLY,0.24760333615910876,10.0
2022-11-01,2022-10-01,13641,FANG,0.30533333709329136,10.0
2022-11-01,2022-10-01,20391,TPL,0.7108387222882717,10.0
2022-11-01,2022-10-01,12872,MPC,0.3176890622331429,10.0
2022-11-01,2022-10-01,80191,ALB,0.4557554399648984,10.0
2022-11-01,2022-10-01,87356,WWE,0.3559826686387404,10.0
2022-11-01,2022-10-01,46674,GPC,0.38443437448834406,10.0
2022-11-01,2022-10-01,82276,ACGL,0.2590319258722702,10.0
2022-11-01,2022-10-01,79103,ORLY,0.3802149254018532,10.0
2022-11-01,2022-10-01,48653,HUM,0.2594828163863273,10.0
2022-12-01,2022-11-01,16431,LW,0.29351456796844294,10.0
2022-12-01,2022-11-01,14714,ANET,0.3619486614742095,10.0
2022-12-01,2022-11-01,90664,DXCM,0.5611189930252618,10.0
2022-12-01,2022-11-01,82276,ACGL,0.26232612099507374,10.0
2022-12-01,2022-11-01,14939,KEYS,0.24237633851134158,10.0
2022-12-01,2022-11-01,13035,XYL,0.341506790164978,10.0
2022-12-01,2022-11-01,85792,PWR,0.2608911115326433,10.0
2022-12-01,2022-11-01,92043,IBKR,0.30858727278430903,10.0
2022-12-01,2022-11-01,84381,ROK,0.2502218319851809,10.0
2022-12-01,2022-11-01,21371,CAH,0.4476544664596235,10.0
2022-12-01,2022-11-01,91556,ROST,0.3942298532271381,10.0
2022-12-01,2022-11-01,77274,GILD,0.3868233850587244,10.0
2022-12-01,2022-11-01,86288,CSGP,0.3298344319408041,10.0
2022-12-01,2022-11-01,12431,TT,0.30409916942090426,10.0
2022-12-01,2022-11-01,89031,AXON,0.8156070628074679,10.0
2022-12-01,2022-11-01,13688,PCG,0.2868856396124711,10.0
2022-12-01,2022-11-01,46674,GPC,0.35729518642501223,10.0
2022-12-01,2022-11-01,22623,CEG,0.5533319458613828,10.0
2022-12-01,2022-11-01,20391,TPL,0.6800768237716206,10.0
2022-12-01,2022-11-01,42585,SJM,0.24644171336579446,10.0
2022-12-01,2022-11-01,75591,IEX,0.2475967078977999,10.0
2022-12-01,2022-11-01,87034,LII,0.25870037136795254,10.0
2022-12-01,2022-11-01,76841,BIIB,0.5258507203325815,10.0
2022-12-01,2022-11-01,89533,WYNN,0.2656581128607471,10.0
2022-12-01,2022-11-01,89195,PFG,0.26013765188913734,10.0
2022-12-01,2022-11-01,40539,TJX,0.270461210007302,10.0
2022-12-01,2022-11-01,79698,IT,0.33525134402740736,10.0
2022-12-01,2022-11-01,79686,DECK,0.4852549678135876,10.0
2022-12-01,2022-11-01,85059,FIX,0.4164293089012697,10.0
2022-12-01,2022-11-01,52695,GWW,0.2454805843671251,10.0
2022-12-01,2022-11-01,89393,NFLX,0.5474575407174564,10.0
2022-12-01,2022-11-01,22779,MSI,0.24760414918562212,10.0
2022-12-01,2022-11-01,11533,FICO,0.5131724855458399,10.0
2022-12-01,2022-11-01,92203,LULU,0.29936080841466134,10.0
2022-12-01,2022-11-01,76712,AES,0.3294732014778766,10.0
2022-12-01,2022-11-01,18576,UBER,0.2560366268815715,10.0
2022-12-01,2022-11-01,92050,PODD,0.4023321461406043,10.0
2022-12-01,2022-11-01,91907,SMCI,0.8024360916371818,10.0
2022-12-01,2022-11-01,19561,BA,0.3613370776330318,10.0
2022-12-01,2022-11-01,19350,DE,0.2413335831190683,10.0
2022-12-01,2022-11-01,76605,AZO,0.25215396696905523,10.0
2022-12-01,2022-11-01,79103,ORLY,0.356842184785666,10.0
2022-12-01,2022-11-01,32942,HUBB,0.3509712244891408,10.0
2022-12-01,2022-11-01,77702,SBUX,0.31679402301075815,10.0
2022-12-01,2022-11-01,91611,FSLR,1.4434205641704692,10.0
2022-12-01,2022-11-01,90505,LVS,0.3209257476035571,10.0
2022-12-01,2022-11-01,82694,EME,0.470034146756449,10.0
2022-12-01,2022-11-01,90601,NDAQ,0.3323562880549448,10.0
2022-12-01,2022-11-01,28222,APD,0.2773113982924503,10.0
2022-12-01,2022-11-01,82486,ERIE,0.7010676433678922,10.0
2023-01-01,2022-12-01,40539,TJX,0.43794548521596266,10.0
2023-01-01,2022-12-01,91611,FSLR,1.198591533999783,10.0
2023-01-01,2022-12-01,77274,GILD,0.4160869129018285,10.0
2023-01-01,2022-12-01,19561,BA,0.3932834329691059,10.0
2023-01-01,2022-12-01,84262,STLD,0.4891757681952756,10.0
2023-01-01,2022-12-01,89533,WYNN,0.4473507115942028,10.0
2023-01-01,2022-12-01,13928,COP,0.3509846055874821,10.0
2023-01-01,2022-12-01,20391,TPL,0.5799206328409707,10.0
2023-01-01,2022-12-01,90562,TAP,0.32296991455559365,10.0
2023-01-01,2022-12-01,22623,CEG,0.5104584361420121,10.0
2023-01-01,2022-12-01,45356,JCI,0.3533431024722605,10.0
2023-01-01,2022-12-01,14277,SLB,0.5071364542099421,10.0
2023-01-01,2022-12-01,76712,AES,0.3869327546784894,10.0
2023-01-01,2022-12-01,90505,LVS,0.4310813317663235,10.0
2023-01-01,2022-12-01,17700,CDAY,0.36257387026118676,10.0
2023-01-01,2022-12-01,13035,XYL,0.42275880145696415,10.0
2023-01-01,2022-12-01,18542,CAT,0.3575892284690161,10.0
2023-01-01,2022-12-01,91907,SMCI,1.034694848067507,10.0
2023-01-01,2022-12-01,76841,BIIB,0.35785151838842216,10.0
2023-01-01,2022-12-01,88352,ISRG,0.32205578265679,10.0
2023-01-01,2022-12-01,91556,ROST,0.6629555851325397,10.0
2023-01-01,2022-12-01,92050,PODD,0.3507837762364239,10.0
2023-01-01,2022-12-01,79637,UHS,0.40396926380096876,10.0
2023-01-01,2022-12-01,75186,SCHW,0.32553218927299093,10.0
2023-01-01,2022-12-01,21371,CAH,0.4911200565245395,10.0
2023-01-01,2022-12-01,39490,APA,0.3506428584381555,10.0
2023-01-01,2022-12-01,90664,DXCM,0.5193873880892035,10.0
2023-01-01,2022-12-01,79698,IT,0.38998516282527734,10.0
2023-01-01,2022-12-01,89393,NFLX,0.6862817374768604,10.0
2023-01-01,2022-12-01,13688,PCG,0.6292589216960787,10.0
2023-01-01,2022-12-01,79145,RCL,0.415927314517101,10.0
2023-01-01,2022-12-01,11533,FICO,0.49309071470416704,10.0
2023-01-01,2022-12-01,89031,AXON,0.7809362779464535,10.0
2023-01-01,2022-12-01,12622,HCA,0.43494799535474005,10.0
2023-01-01,2022-12-01,82694,EME,0.44204579140266526,10.0
2023-01-01,2022-12-01,77661,DHI,0.35470662025104904,10.0
2023-01-01,2022-12-01,82276,ACGL,0.3800837502087581,10.0
2023-01-01,2022-12-01,85663,URI,0.4631760305194136,10.0
2023-01-01,2022-12-01,12591,APO,0.3331818391356848,10.0
2023-01-01,2022-12-01,90880,AMP,0.3213671354087975,10.0
2023-01-01,2022-12-01,92043,IBKR,0.318989918703164,10.0
2023-01-01,2022-12-01,79094,JBL,0.33508177327024447,10.0
2023-01-01,2022-12-01,12872,MPC,0.4331627835582519,10.0
2023-01-01,2022-12-01,85059,FIX,0.38752062329373343,10.0
2023-01-01,2022-12-01,46674,GPC,0.31838481470797314,10.0
2023-01-01,2022-12-01,32942,HUBB,0.32674219585396014,10.0
2023-01-01,2022-12-01,19350,DE,0.4404950427031331,10.0
2023-01-01,2022-12-01,12060,GE,0.31893319416241767,10.0
2023-01-01,2022-12-01,79103,ORLY,0.3359964062795304,10.0
2023-01-01,2022-12-01,79686,DECK,0.5631876930465674,10.0
2023-02-01,2023-01-01,23819,HAL,0.41737926325542685,10.0
2023-02-01,2023-01-01,89031,AXON,0.7736615079469022,10.0
2023-02-01,2023-01-01,90664,DXCM,0.30470323592684184,10.0
2023-02-01,2023-01-01,79637,UHS,0.3224846337357867,10.0
2023-02-01,2023-01-01,40539,TJX,0.35038265237500804,10.0
2023-02-01,2023-01-01,92322,ULTA,0.32153993426482314,10.0
2023-02-01,2023-01-01,28222,APD,0.30700156307054005,10.0
2023-02-01,2023-01-01,17700,CDAY,0.31969985286736524,10.0
2023-02-01,2023-01-01,89393,NFLX,0.5734117407200361,10.0
2023-02-01,2023-01-01,79686,DECK,0.36483497488610983,10.0
2023-02-01,2023-01-01,89533,WYNN,0.6326407036417863,10.0
2023-02-01,2023-01-01,13928,COP,0.28616674412491255,10.0
2023-02-01,2023-01-01,85663,URI,0.36656701415269277,10.0
2023-02-01,2023-01-01,77274,GILD,0.4323181092072476,10.0
2023-02-01,2023-01-01,18576,UBER,0.318978851943863,10.0
2023-02-01,2023-01-01,91103,UAL,0.3322444680500336,10.0
2023-02-01,2023-01-01,90505,LVS,0.5654031974576714,10.0
2023-02-01,2023-01-01,88661,TPR,0.37789891631653166,10.0
2023-02-01,2023-01-01,18542,CAT,0.2868657368828031,10.0
2023-02-01,2023-01-01,91907,SMCI,0.33919554502944677,10.0
2023-02-01,2023-01-01,79145,RCL,0.6776038795873687,10.0
2023-02-01,2023-01-01,89195,PFG,0.4042827009132119,10.0
2023-02-01,2023-01-01,15486,SIOX,0.30295066567011103,10.0
2023-02-01,2023-01-01,19561,BA,0.33701416629160325,10.0
2023-02-01,2023-01-01,12872,MPC,0.4193690978948917,10.0
2023-02-01,2023-01-01,92043,IBKR,0.36598115291781386,10.0
2023-02-01,2023-01-01,72726,STT,0.30948312934639394,10.0
2023-02-01,2023-01-01,77702,SBUX,0.3020493637250568,10.0
2023-02-01,2023-01-01,79094,JBL,0.3283704052975536,10.0
2023-02-01,2023-01-01,13688,PCG,0.4640895674686149,10.0
2023-02-01,2023-01-01,90880,AMP,0.308341317410302,10.0
2023-02-01,2023-01-01,76614,REGN,0.30390739750966633,10.0
2023-02-01,2023-01-01,11533,FICO,0.44135706643932043,10.0
2023-02-01,2023-01-01,82276,ACGL,0.44932414036117285,10.0
2023-02-01,2023-01-01,82303,RE,0.3528978288648416,10.0
2023-02-01,2023-01-01,12060,GE,0.40477078518795395,10.0
2023-02-01,2023-01-01,20057,VTRS,0.28350271842361846,10.0
2023-02-01,2023-01-01,81774,FCX,0.4262171589131328,10.0
2023-02-01,2023-01-01,22623,CEG,0.2955527068650051,10.0
2023-02-01,2023-01-01,89731,LEN,0.28574479620339593,10.0
2023-02-01,2023-01-01,84262,STLD,0.5618761178465115,10.0
2023-02-01,2023-01-01,91556,ROST,0.46348226220446337,10.0
2023-02-01,2023-01-01,91611,FSLR,0.7908642746648686,10.0
2023-02-01,2023-01-01,21371,CAH,0.3150791974534961,10.0
2023-02-01,2023-01-01,45356,JCI,0.3065757553897399,10.0
2023-02-01,2023-01-01,76841,BIIB,0.3526468711466034,10.0
2023-02-01,2023-01-01,14277,SLB,0.5512786844236361,10.0
2023-02-01,2023-01-01,85269,VLO,0.2848663286808754,10.0
2023-02-01,2023-01-01,54148,PHM,0.3137653977667592,10.0
2023-02-01,2023-01-01,57904,AFL,0.2984061325211542,10.0
2023-03-01,2023-02-01,90880,AMP,0.28902317756773344,10.0
2023-03-01,2023-02-01,41355,PH,0.33860152340128374,10.0
2023-03-01,2023-02-01,85663,URI,0.6095441702699274,10.0
2023-03-01,2023-02-01,76841,BIIB,0.3812068373788878,10.0
2023-03-01,2023-02-01,89031,AXON,0.7167447718306421,10.0
2023-03-01,2023-02-01,86580,NVDA,0.538905853350869,10.0
2023-03-01,2023-02-01,11891,MGM,0.31789455069862615,10.0
2023-03-01,2023-02-01,12060,GE,0.4880681631066279,10.0
2023-03-01,2023-02-01,47896,JPM,0.2812554012044133,10.0
2023-03-01,2023-02-01,16851,DD,0.32528140228906377,10.0
2023-03-01,2023-02-01,75650,CRH,0.2872372338233859,10.0
2023-03-01,2023-02-01,79686,DECK,0.29474216826676675,10.0
2023-03-01,2023-02-01,91103,UAL,0.4841476884340883,10.0
2023-03-01,2023-02-01,86783,BKNG,0.34555258766293334,10.0
2023-03-01,2023-02-01,91907,SMCI,0.5053766152001102,10.0
2023-03-01,2023-02-01,90720,BLDR,0.4465115244781953,10.0
2023-03-01,2023-02-01,85072,RL,0.3145715875831813,10.0
2023-03-01,2023-02-01,79094,JBL,0.37991213947317176,10.0
2023-03-01,2023-02-01,82303,RE,0.4343283553686444,10.0
2023-03-01,2023-02-01,73139,SYK,0.2893513931770815,10.0
2023-03-01,2023-02-01,85059,FIX,0.4512608475305016,10.0
2023-03-01,2023-02-01,79637,UHS,0.36932161027549953,10.0
2023-03-01,2023-02-01,92043,IBKR,0.40148234701571445,10.0
2023-03-01,2023-02-01,77274,GILD,0.29359376417503874,10.0
2023-03-01,2023-02-01,89533,WYNN,0.7885796708085226,10.0
2023-03-01,2023-02-01,90664,DXCM,0.3503229862676959,10.0
2023-03-01,2023-02-01,72726,STT,0.3215281518637518,10.0
2023-03-01,2023-02-01,81774,FCX,0.39582126799040357,10.0
2023-03-01,2023-02-01,60506,PCAR,0.2819345969097028,10.0
2023-03-01,2023-02-01,79145,RCL,0.7292538635706165,10.0
2023-03-01,2023-02-01,76709,IDXX,0.3613723073583594,10.0
2023-03-01,2023-02-01,14277,SLB,0.4126350134696357,10.0
2023-03-01,2023-02-01,84262,STLD,0.5752515806422092,10.0
2023-03-01,2023-02-01,91556,ROST,0.2892683579593891,10.0
2023-03-01,2023-02-01,54148,PHM,0.3544070378297993,10.0
2023-03-01,2023-02-01,89731,LEN,0.33797903638494686,10.0
2023-03-01,2023-02-01,11762,ETN,0.28685956427733234,10.0
2023-03-01,2023-02-01,16431,LW,0.27274729294568295,10.0
2023-03-01,2023-02-01,88661,TPR,0.27394163874280447,10.0
2023-03-01,2023-02-01,12591,APO,0.29100994422123805,10.0
2023-03-01,2023-02-01,30681,OMC,0.38061116693299024,10.0
2023-03-01,2023-02-01,82276,ACGL,0.5310578979043283,10.0
2023-03-01,2023-02-01,82694,EME,0.4091946358796107,10.0
2023-03-01,2023-02-01,89393,NFLX,0.4409120105117811,10.0
2023-03-01,2023-02-01,18542,CAT,0.3114524577251441,10.0
2023-03-01,2023-02-01,90505,LVS,0.5272405286628306,10.0
2023-03-01,2023-02-01,76614,REGN,0.3086770406637025,10.0
2023-03-01,2023-02-01,91611,FSLR,0.3260687347687584,10.0
2023-03-01,2023-02-01,77661,DHI,0.3068566349421098,10.0
2023-03-01,2023-02-01,11533,FICO,0.5073208200638815,10.0
2023-04-01,2023-03-01,19561,BA,0.7544597219583404,10.0
2023-04-01,2023-03-01,82276,ACGL,0.49033679308336686,10.0
2023-04-01,2023-03-01,54148,PHM,0.5640653189452751,10.0
2023-04-01,2023-03-01,93002,AVGO,0.46749483019737686,10.0
2023-04-01,2023-03-01,11533,FICO,0.705516737971692,10.0
2023-04-01,2023-03-01,84262,STLD,0.6051267310635302,10.0
2023-04-01,2023-03-01,12622,HCA,0.4413788386050014,10.0
2023-04-01,2023-03-01,89031,AXON,0.9425472176998997,10.0
2023-04-01,2023-03-01,86783,BKNG,0.6141654350603569,10.0
2023-04-01,2023-03-01,79145,RCL,0.7229540440446824,10.0
2023-04-01,2023-03-01,79094,JBL,0.5309263600263745,10.0
2023-04-01,2023-03-01,14714,ANET,0.4869341485829528,10.0
2023-04-01,2023-03-01,60871,ADI,0.42845005661536056,10.0
2023-04-01,2023-03-01,60628,FDX,0.5580885618410747,10.0
2023-04-01,2023-03-01,11891,MGM,0.4947178996779939,10.0
2023-04-01,2023-03-01,81774,FCX,0.5095431394774519,10.0
2023-04-01,2023-03-01,75650,CRH,0.6116076355026752,10.0
2023-04-01,2023-03-01,77661,DHI,0.4583696219541719,10.0
2023-04-01,2023-03-01,48486,LRCX,0.4587406325555358,10.0
2023-04-01,2023-03-01,65402,AOS,0.4384868741080252,10.0
2023-04-01,2023-03-01,86580,NVDA,1.2891784350019675,10.0
2023-04-01,2023-03-01,30681,OMC,0.5207824354693389,10.0
2023-04-01,2023-03-01,79686,DECK,0.43805472223207953,10.0
2023-04-01,2023-03-01,88661,TPR,0.5396990757763203,10.0
2023-04-01,2023-03-01,34817,NUE,0.45417633278468433,10.0
2023-04-01,2023-03-01,73139,SYK,0.4175319624451464,10.0
2023-04-01,2023-03-01,16851,DD,0.4378265094343713,10.0
2023-04-01,2023-03-01,89393,NFLX,0.46738131540511046,10.0
2023-04-01,2023-03-01,79637,UHS,0.44573477204353934,10.0
2023-04-01,2023-03-01,14702,AMAT,0.5063659307900978,10.0
2023-04-01,2023-03-01,90720,BLDR,0.5067899725497853,10.0
2023-04-01,2023-03-01,91907,SMCI,0.9348094673957064,10.0
2023-04-01,2023-03-01,90505,LVS,0.531184701842341,10.0
2023-04-01,2023-03-01,75154,CCL,0.44381235461139035,10.0
2023-04-01,2023-03-01,89533,WYNN,0.7755040891605687,10.0
2023-04-01,2023-03-01,90664,DXCM,0.44251344653710994,10.0
2023-04-01,2023-03-01,91611,FSLR,0.6443646165714123,10.0
2023-04-01,2023-03-01,76709,IDXX,0.5349301001570468,10.0
2023-04-01,2023-03-01,10104,ORCL,0.5349966540625739,10.0
2023-04-01,2023-03-01,57665,NKE,0.48408936490829696,10.0
2023-04-01,2023-03-01,12060,GE,0.9914855423892512,10.0
2023-04-01,2023-03-01,51369,TER,0.43378814308310476,10.0
2023-04-01,2023-03-01,13103,APTV,0.43447067718156607,10.0
2023-04-01,2023-03-01,88860,ALGN,0.6133447612478331,10.0
2023-04-01,2023-03-01,61241,AMD,0.5468745650902247,10.0
2023-04-01,2023-03-01,85059,FIX,0.5033041511333276,10.0
2023-04-01,2023-03-01,52708,LEN,0.4221511698818308,10.0
2023-04-01,2023-03-01,89731,LEN,0.5166821623275322,10.0
2023-04-01,2023-03-01,85663,URI,0.46988266066443435,10.0
2023-04-01,2023-03-01,13407,META,0.5620572631392831,10.0
2023-05-01,2023-04-01,19561,BA,0.45098629277514196,10.0
2023-05-01,2023-04-01,88860,ALGN,0.674213917239437,10.0
2023-05-01,2023-04-01,73139,SYK,0.3146398917180924,10.0
2023-05-01,2023-04-01,88661,TPR,0.30802487865695366,10.0
2023-05-01,2023-04-01,10107,MSFT,0.3307308290944301,10.0
2023-05-01,2023-04-01,86783,BKNG,0.43693072293738555,10.0
2023-05-01,2023-04-01,20189,DASH,0.4056973599823228,10.0
2023-05-01,2023-04-01,75650,CRH,0.3676388310432083,10.0
2023-05-01,2023-04-01,76709,IDXX,0.3683288908059489,10.0
2023-05-01,2023-04-01,87356,WWE,0.3626833972223369,10.0
2023-05-01,2023-04-01,11403,CDNS,0.3835131432627654,10.0
2023-05-01,2023-04-01,86580,NVDA,1.056777218885541,10.0
2023-05-01,2023-04-01,93002,AVGO,0.353498407542682,10.0
2023-05-01,2023-04-01,11533,FICO,0.5202366653630801,10.0
2023-05-01,2023-04-01,61241,AMD,0.488011486954302,10.0
2023-05-01,2023-04-01,65947,WELL,0.3204601629424489,10.0
2023-05-01,2023-04-01,92322,ULTA,0.314902212180327,10.0
2023-05-01,2023-04-01,52708,LEN,0.4078760693589045,10.0
2023-05-01,2023-04-01,79686,DECK,0.36981732460903466,10.0
2023-05-01,2023-04-01,91907,SMCI,0.5150171921364461,10.0
2023-05-01,2023-04-01,91068,CMG,0.3799499880089616,10.0
2023-05-01,2023-04-01,89031,AXON,0.44877576171258454,10.0
2023-05-01,2023-04-01,57665,NKE,0.37528501875318704,10.0
2023-05-01,2023-04-01,80320,CPRT,0.37454382150944904,10.0
2023-05-01,2023-04-01,77702,SBUX,0.3341677017307638,10.0
2023-05-01,2023-04-01,90455,MPWR,0.36656552075648824,10.0
2023-05-01,2023-04-01,89525,CMCSA,0.32338085190189364,10.0
2023-05-01,2023-04-01,89533,WYNN,0.7884201514108864,10.0
2023-05-01,2023-04-01,89617,EQIX,0.29059005858117654,10.0
2023-05-01,2023-04-01,12622,HCA,0.3274075699762951,10.0
2023-05-01,2023-04-01,77661,DHI,0.4362264224029588,10.0
2023-05-01,2023-04-01,14714,ANET,0.32516860201677156,10.0
2023-05-01,2023-04-01,16431,LW,0.30429288352009404,10.0
2023-05-01,2023-04-01,90720,BLDR,0.5369774907670866,10.0
2023-05-01,2023-04-01,60628,FDX,0.4387983647549981,10.0
2023-05-01,2023-04-01,89731,LEN,0.512468988203697,10.0
2023-05-01,2023-04-01,23393,CHD,0.3190759173582406,10.0
2023-05-01,2023-04-01,79785,NVR,0.37809154001955775,10.0
2023-05-01,2023-04-01,13586,PNR,0.3641017322263233,10.0
2023-05-01,2023-04-01,90505,LVS,0.679821736928,10.0
2023-05-01,2023-04-01,62498,WST,0.5732460852710279,10.0
2023-05-01,2023-04-01,89244,WW,0.847347542561115,10.0
2023-05-01,2023-04-01,65541,COO,0.3953799605161846,10.0
2023-05-01,2023-04-01,12060,GE,0.6403946767757576,10.0
2023-05-01,2023-04-01,48486,LRCX,0.3039576093336426,10.0
2023-05-01,2023-04-01,82276,ACGL,0.30556409560520353,10.0
2023-05-01,2023-04-01,91152,TDG,0.3286797773462623,10.0
2023-05-01,2023-04-01,79637,UHS,0.3015042398151225,10.0
2023-05-01,2023-04-01,54148,PHM,0.6899004165673952,10.0
2023-05-01,2023-04-01,13407,META,1.5796458326301916,10.0
2023-06-01,2023-05-01,91068,CMG,0.27630082401652534,10.0
2023-06-01,2023-05-01,13407,META,1.241488678147439,10.0
2023-06-01,2023-05-01,90455,MPWR,0.2879258707998357,10.0
2023-06-01,2023-05-01,90215,CRM,0.3939487228516556,10.0
2023-06-01,2023-05-01,16309,TTD,0.34407583658624724,10.0
2023-06-01,2023-05-01,93132,FTNT,0.2853650463763129,10.0
2023-06-01,2023-05-01,20894,APP,0.735601160893725,10.0
2023-06-01,2023-05-01,11533,FICO,0.2710101839288971,10.0
2023-06-01,2023-05-01,10104,ORCL,0.286110657797953,10.0
2023-06-01,2023-05-01,90720,BLDR,0.8137020743562169,10.0
2023-06-01,2023-05-01,77661,DHI,0.25195692359844774,10.0
2023-06-01,2023-05-01,11403,CDNS,0.34218804104558426,10.0
2023-06-01,2023-05-01,91152,TDG,0.23094716804832213,10.0
2023-06-01,2023-05-01,54148,PHM,0.4850895205574402,10.0
2023-06-01,2023-05-01,19788,PLTR,0.9613339464649633,10.0
2023-06-01,2023-05-01,52708,LEN,0.22833808206950576,10.0
2023-06-01,2023-05-01,14542,GOOG,0.21606698137723937,10.0
2023-06-01,2023-05-01,79094,JBL,0.24248485925753877,10.0
2023-06-01,2023-05-01,91907,SMCI,1.481991964187841,10.0
2023-06-01,2023-05-01,18911,DDOG,0.2524418910595275,10.0
2023-06-01,2023-05-01,87356,WWE,0.27233344885191574,10.0
2023-06-01,2023-05-01,14702,AMAT,0.22231032229232273,10.0
2023-06-01,2023-05-01,20892,COIN,0.3601559230445207,10.0
2023-06-01,2023-05-01,82307,DVA,0.27044565356511513,10.0
2023-06-01,2023-05-01,10107,MSFT,0.2931432733751871,10.0
2023-06-01,2023-05-01,90319,GOOGL,0.21665598729075541,10.0
2023-06-01,2023-05-01,79145,RCL,0.3510763603004659,10.0
2023-06-01,2023-05-01,13447,NOW,0.30862397968373123,10.0
2023-06-01,2023-05-01,13511,PANW,0.2559749634106312,10.0
2023-06-01,2023-05-01,77357,SNPS,0.339928585829874,10.0
2023-06-01,2023-05-01,86580,NVDA,1.2360392662215074,10.0
2023-06-01,2023-05-01,89393,NFLX,0.2935893198465104,10.0
2023-06-01,2023-05-01,80320,CPRT,0.31595583945809563,10.0
2023-06-01,2023-05-01,13586,PNR,0.22253267801070958,10.0
2023-06-01,2023-05-01,84788,AMZN,0.24901610732908716,10.0
2023-06-01,2023-05-01,62498,WST,0.4278285641843753,10.0
2023-06-01,2023-05-01,88860,ALGN,0.43730215915649395,10.0
2023-06-01,2023-05-01,16655,CVNA,0.675746933772708,10.0
2023-06-01,2023-05-01,21413,METV,0.24719915838978107,10.0
2023-06-01,2023-05-01,13628,WDAY,0.2625976526914666,10.0
2023-06-01,2023-05-01,93002,AVGO,0.4892241222431027,10.0
2023-06-01,2023-05-01,84761,TTWO,0.3031503103080127,10.0
2023-06-01,2023-05-01,16431,LW,0.28655300245333754,10.0
2023-06-01,2023-05-01,48486,LRCX,0.3148238854995937,10.0
2023-06-01,2023-05-01,12060,GE,0.5230964750502449,10.0
2023-06-01,2023-05-01,89244,WW,0.5883799934933314,10.0
2023-06-01,2023-05-01,18726,CRWD,0.3610731140899885,10.0
2023-06-01,2023-05-01,18576,UBER,0.30164747088092714,10.0
2023-06-01,2023-05-01,61241,AMD,0.5227348748155116,10.0
2023-06-01,2023-05-01,89731,LEN,0.3131203128664509,10.0
2023-07-01,2023-06-01,75154,CCL,1.336230055174124,10.0
2023-07-01,2023-06-01,91103,UAL,0.4554406459932109,10.0
2023-07-01,2023-06-01,14593,AAPL,0.49723341805522353,10.0
2023-07-01,2023-06-01,48486,LRCX,0.5390996596426691,10.0
2023-07-01,2023-06-01,85059,FIX,0.43044473855055565,10.0
2023-07-01,2023-06-01,13407,META,1.384741821476239,10.0
2023-07-01,2023-06-01,54148,PHM,0.7147767369014457,10.0
2023-07-01,2023-06-01,13586,PNR,0.44875857203586533,10.0
2023-07-01,2023-06-01,20189,DASH,0.565340096453459,10.0
2023-07-01,2023-06-01,12060,GE,0.6891244648618053,10.0
2023-07-01,2023-06-01,93002,AVGO,0.5710782370239356,10.0
2023-07-01,2023-06-01,19788,PLTR,1.387850758925898,10.0
2023-07-01,2023-06-01,93436,TSLA,1.1251025611617882,10.0
2023-07-01,2023-06-01,90455,MPWR,0.5336840977442061,10.0
2023-07-01,2023-06-01,62498,WST,0.62717275912261,10.0
2023-07-01,2023-06-01,79094,JBL,0.5856445134356731,10.0
2023-07-01,2023-06-01,87356,WWE,0.5872299947578763,10.0
2023-07-01,2023-06-01,89244,WW,0.7409341517021626,10.0
2023-07-01,2023-06-01,89393,NFLX,0.49379521417867966,10.0
2023-07-01,2023-06-01,13760,NCLH,0.7785943342741304,10.0
2023-07-01,2023-06-01,79145,RCL,1.098724168112311,10.0
2023-07-01,2023-06-01,93246,GNRC,0.48152255194564303,10.0
2023-07-01,2023-06-01,88860,ALGN,0.6768125347240819,10.0
2023-07-01,2023-06-01,20894,APP,1.4434933309159765,10.0
2023-07-01,2023-06-01,13511,PANW,0.8310882307875602,10.0
2023-07-01,2023-06-01,86580,NVDA,1.8954284622904507,10.0
2023-07-01,2023-06-01,10104,ORCL,0.46856886995086605,10.0
2023-07-01,2023-06-01,88182,ON,0.5164353625707847,10.0
2023-07-01,2023-06-01,75510,ADBE,0.4530377119472086,10.0
2023-07-01,2023-06-01,89731,LEN,0.5235449978068623,10.0
2023-07-01,2023-06-01,60628,FDX,0.4475803055971885,10.0
2023-07-01,2023-06-01,16309,TTD,0.7225098122949385,10.0
2023-07-01,2023-06-01,93132,FTNT,0.5461247191279861,10.0
2023-07-01,2023-06-01,90215,CRM,0.5933348001811629,10.0
2023-07-01,2023-06-01,90720,BLDR,1.0961764414321382,10.0
2023-07-01,2023-06-01,21413,METV,0.44568061725369845,10.0
2023-07-01,2023-06-01,91907,SMCI,2.035934353411507,10.0
2023-07-01,2023-06-01,20190,ABNB,0.4989453091547438,10.0
2023-07-01,2023-06-01,91068,CMG,0.5416341768841146,10.0
2023-07-01,2023-06-01,16655,CVNA,4.468358245892613,10.0
2023-07-01,2023-06-01,91926,DAL,0.4467449625445566,10.0
2023-07-01,2023-06-01,61241,AMD,0.7586839341771388,10.0
2023-07-01,2023-06-01,80320,CPRT,0.4979471000083725,10.0
2023-07-01,2023-06-01,13447,NOW,0.44736911030459015,10.0
2023-07-01,2023-06-01,14617,ARES,0.43350805477045634,10.0
2023-07-01,2023-06-01,84788,AMZN,0.5519043722975532,10.0
2023-07-01,2023-06-01,18576,UBER,0.74565229424159,10.0
2023-07-01,2023-06-01,11403,CDNS,0.4599113763197424,10.0
2023-07-01,2023-06-01,20892,COIN,1.0217566859740002,10.0
2023-07-01,2023-06-01,14702,AMAT,0.4916947486768024,10.0
2023-08-01,2023-07-01,20190,ABNB,0.3697219880859095,10.0
2023-08-01,2023-07-01,20892,COIN,0.686216900142643,10.0
2023-08-01,2023-07-01,75510,ADBE,0.4747817760948357,10.0
2023-08-01,2023-07-01,10107,MSFT,0.3619210690019969,10.0
2023-08-01,2023-07-01,10104,ORCL,0.3355184791071552,10.0
2023-08-01,2023-07-01,50876,LLY,0.3285309184429414,10.0
2023-08-01,2023-07-01,75154,CCL,0.7412208538930996,10.0
2023-08-01,2023-07-01,93436,TSLA,0.5438753328847796,10.0
2023-08-01,2023-07-01,90720,BLDR,0.8121687320434747,10.0
2023-08-01,2023-07-01,13407,META,1.1386850284230374,10.0
2023-08-01,2023-07-01,80320,CPRT,0.32697732194664575,10.0
2023-08-01,2023-07-01,87034,LII,0.4207847626469987,10.0
2023-08-01,2023-07-01,13760,NCLH,0.4510181605881861,10.0
2023-08-01,2023-07-01,86580,NVDA,1.3924863556010876,10.0
2023-08-01,2023-07-01,13511,PANW,0.5756441441620153,10.0
2023-08-01,2023-07-01,91907,SMCI,3.566157276750239,10.0
2023-08-01,2023-07-01,88182,ON,0.46698461979593153,10.0
2023-08-01,2023-07-01,90215,CRM,0.33958611044644554,10.0
2023-08-01,2023-07-01,93132,FTNT,0.48490605582235813,10.0
2023-08-01,2023-07-01,16309,TTD,0.8000025654317162,10.0
2023-08-01,2023-07-01,20894,APP,1.4724385477417514,10.0
2023-08-01,2023-07-01,60628,FDX,0.40834518409906834,10.0
2023-08-01,2023-07-01,18726,CRWD,0.5265346210575157,10.0
2023-08-01,2023-07-01,85792,PWR,0.3259963950142354,10.0
2023-08-01,2023-07-01,89731,LEN,0.3403884200450818,10.0
2023-08-01,2023-07-01,84761,TTWO,0.35070084496398796,10.0
2023-08-01,2023-07-01,16655,CVNA,3.518192228967165,10.0
2023-08-01,2023-07-01,61241,AMD,0.5222892409901314,10.0
2023-08-01,2023-07-01,18576,UBER,0.5990935298002991,10.0
2023-08-01,2023-07-01,85059,FIX,0.440931774345689,10.0
2023-08-01,2023-07-01,12060,GE,0.42181458937938715,10.0
2023-08-01,2023-07-01,88860,ALGN,0.40099363043794334,10.0
2023-08-01,2023-07-01,93002,AVGO,0.5556195092476282,10.0
2023-08-01,2023-07-01,18267,DELL,0.3231498814073949,10.0
2023-08-01,2023-07-01,89244,WW,1.3440660582957538,10.0
2023-08-01,2023-07-01,62498,WST,0.3871286061350101,10.0
2023-08-01,2023-07-01,18911,DDOG,0.5602200992567246,10.0
2023-08-01,2023-07-01,59248,TAP,0.34593596840911417,10.0
2023-08-01,2023-07-01,48486,LRCX,0.44568503476110743,10.0
2023-08-01,2023-07-01,54148,PHM,0.49090852819833797,10.0
2023-08-01,2023-07-01,20189,DASH,0.5675052391232354,10.0
2023-08-01,2023-07-01,79145,RCL,0.6801652989437905,10.0
2023-08-01,2023-07-01,32942,HUBB,0.3743520539582084,10.0
2023-08-01,2023-07-01,90319,GOOGL,0.3427763742592651,10.0
2023-08-01,2023-07-01,14542,GOOG,0.3328321890093671,10.0
2023-08-01,2023-07-01,14702,AMAT,0.3664578791816143,10.0
2023-08-01,2023-07-01,14593,AAPL,0.3654631900748024,10.0
2023-08-01,2023-07-01,19788,PLTR,1.550128090633685,10.0
2023-08-01,2023-07-01,82694,EME,0.4535656633175327,10.0
2023-08-01,2023-07-01,79094,JBL,0.4102287563095728,10.0
2023-09-01,2023-08-01,12060,GE,0.3534173864468837,10.0
2023-09-01,2023-08-01,89393,NFLX,0.34628846650885853,10.0
2023-09-01,2023-08-01,19788,PLTR,0.9107132926392236,10.0
2023-09-01,2023-08-01,13447,NOW,0.36249588656874077,10.0
2023-09-01,2023-08-01,13407,META,0.6913792723612739,10.0
2023-09-01,2023-08-01,89244,WW,1.6530043385682767,10.0
2023-09-01,2023-08-01,13628,WDAY,0.3182726971527039,10.0
2023-09-01,2023-08-01,93002,AVGO,0.5726340952373241,10.0
2023-09-01,2023-08-01,91849,BR,0.3358241344229196,10.0
2023-09-01,2023-08-01,18267,DELL,0.40546752234637484,10.0
2023-09-01,2023-08-01,16736,VST,0.45185714147850037,10.0
2023-09-01,2023-08-01,93089,VRSK,0.4204287646786292,10.0
2023-09-01,2023-08-01,10107,MSFT,0.3197301002813606,10.0
2023-09-01,2023-08-01,16655,CVNA,4.3450092998725465,10.0
2023-09-01,2023-08-01,14714,ANET,0.4075689328668556,10.0
2023-09-01,2023-08-01,90248,DPZ,0.32806843869932895,10.0
2023-09-01,2023-08-01,90215,CRM,0.35358650530000413,10.0
2023-09-01,2023-08-01,10104,ORCL,0.388152952054436,10.0
2023-09-01,2023-08-01,90319,GOOGL,0.5119921047753271,10.0
2023-09-01,2023-08-01,14702,AMAT,0.32150384611733657,10.0
2023-09-01,2023-08-01,11533,FICO,0.33540576699541513,10.0
2023-09-01,2023-08-01,91907,SMCI,1.8077994153218366,10.0
2023-09-01,2023-08-01,11762,ETN,0.33525759990556114,10.0
2023-09-01,2023-08-01,16309,TTD,0.43013011098775833,10.0
2023-09-01,2023-08-01,90720,BLDR,0.7107782271768679,10.0
2023-09-01,2023-08-01,18726,CRWD,0.3508169120360266,10.0
2023-09-01,2023-08-01,14542,GOOG,0.5210406090921365,10.0
2023-09-01,2023-08-01,88352,ISRG,0.36309348193647945,10.0
2023-09-01,2023-08-01,87034,LII,0.49451042934555733,10.0
2023-09-01,2023-08-01,18576,UBER,0.42002341588049913,10.0
2023-09-01,2023-08-01,20189,DASH,0.5391504053682639,10.0
2023-09-01,2023-08-01,87299,AKAM,0.44751943908251884,10.0
2023-09-01,2023-08-01,61241,AMD,0.34538117933216744,10.0
2023-09-01,2023-08-01,86580,NVDA,1.1264961544854466,10.0
2023-09-01,2023-08-01,78975,INTU,0.33528233089617815,10.0
2023-09-01,2023-08-01,84788,AMZN,0.4646082663288358,10.0
2023-09-01,2023-08-01,46886,KLAC,0.3308274788191195,10.0
2023-09-01,2023-08-01,82694,EME,0.3438600899958858,10.0
2023-09-01,2023-08-01,79145,RCL,0.4006219786614843,10.0
2023-09-01,2023-08-01,75154,CCL,0.4896429346812456,10.0
2023-09-01,2023-08-01,50876,LLY,0.7891160283641125,10.0
2023-09-01,2023-08-01,63467,BRO,0.32605721832812234,10.0
2023-09-01,2023-08-01,48486,LRCX,0.45428334299830136,10.0
2023-09-01,2023-08-01,22623,CEG,0.3994910183853642,10.0
2023-09-01,2023-08-01,79094,JBL,0.3804727374221824,10.0
2023-09-01,2023-08-01,54148,PHM,0.5086152360928324,10.0
2023-09-01,2023-08-01,20894,APP,2.201478475457785,10.0
2023-09-01,2023-08-01,75510,ADBE,0.7266254760708766,10.0
2023-09-01,2023-08-01,59328,INTC,0.42022015907030574,10.0
2023-09-01,2023-08-01,52978,HAS,0.33868352915877525,10.0
2023-10-01,2023-09-01,82694,EME,0.2967046310994824,10.0
2023-10-01,2023-09-01,87299,AKAM,0.3606638705021172,10.0
2023-10-01,2023-09-01,14542,GOOG,0.2677871898579694,10.0
2023-10-01,2023-09-01,14617,ARES,0.2519431309138628,10.0
2023-10-01,2023-09-01,20894,APP,1.5371398668265712,10.0
2023-10-01,2023-09-01,20189,DASH,0.25031441912146357,10.0
2023-10-01,2023-09-01,32942,HUBB,0.297536780270041,10.0
2023-10-01,2023-09-01,83011,WSM,0.2956124357155307,10.0
2023-10-01,2023-09-01,90373,DLR,0.25706471270064496,10.0
2023-10-01,2023-09-01,75154,CCL,0.35172521365852455,10.0
2023-10-01,2023-09-01,59248,TAP,0.24654750579580356,10.0
2023-10-01,2023-09-01,91907,SMCI,1.5736289575088325,10.0
2023-10-01,2023-09-01,54148,PHM,0.2760273525871976,10.0
2023-10-01,2023-09-01,19788,PLTR,0.8934907315865017,10.0
2023-10-01,2023-09-01,89781,MOH,0.22580225266603215,10.0
2023-10-01,2023-09-01,11762,ETN,0.2560189823602471,10.0
2023-10-01,2023-09-01,93089,VRSK,0.23490135191692568,10.0
2023-10-01,2023-09-01,18576,UBER,0.4507884518784263,10.0
2023-10-01,2023-09-01,93002,AVGO,0.3089005348951393,10.0
2023-10-01,2023-09-01,18267,DELL,0.7402618101119953,10.0
2023-10-01,2023-09-01,11533,FICO,0.2360087944420605,10.0
2023-10-01,2023-09-01,18224,AMR,0.6738791324326803,10.0
2023-10-01,2023-09-01,22623,CEG,0.39819727518574327,10.0
2023-10-01,2023-09-01,18911,DDOG,0.2536472893909328,10.0
2023-10-01,2023-09-01,12591,APO,0.43849284085529366,10.0
2023-10-01,2023-09-01,89244,WW,1.6868926973551406,10.0
2023-10-01,2023-09-01,16736,VST,0.4024560368051676,10.0
2023-10-01,2023-09-01,84788,AMZN,0.23071010653454313,10.0
2023-10-01,2023-09-01,92108,BX,0.240170814021386,10.0
2023-10-01,2023-09-01,75034,BKR,0.23910090413083246,10.0
2023-10-01,2023-09-01,16655,CVNA,3.288050294434149,10.0
2023-10-01,2023-09-01,23819,HAL,0.2916400067861959,10.0
2023-10-01,2023-09-01,16309,TTD,0.2830421482821033,10.0
2023-10-01,2023-09-01,24328,EQT,0.28207021404980476,10.0
2023-10-01,2023-09-01,79094,JBL,0.44183820475652,10.0
2023-10-01,2023-09-01,12308,CHTR,0.2298882338075235,10.0
2023-10-01,2023-09-01,82486,ERIE,0.2821596421866473,10.0
2023-10-01,2023-09-01,90319,GOOGL,0.2615446355141859,10.0
2023-10-01,2023-09-01,87034,LII,0.4996111990396874,10.0
2023-10-01,2023-09-01,13928,COP,0.23223500842949082,10.0
2023-10-01,2023-09-01,90720,BLDR,0.4022280905204671,10.0
2023-10-01,2023-09-01,13760,NCLH,0.2252779914683324,10.0
2023-10-01,2023-09-01,52978,HAS,0.25996349953900977,10.0
2023-10-01,2023-09-01,81061,MCK,0.22484307266758588,10.0
2023-10-01,2023-09-01,50876,LLY,0.5714236853893462,10.0
2023-10-01,2023-09-01,91849,BR,0.23244873782685485,10.0
2023-10-01,2023-09-01,86580,NVDA,0.5663069835511028,10.0
2023-10-01,2023-09-01,13407,META,0.4164853431716099,10.0
2023-10-01,2023-09-01,75510,ADBE,0.3231447710787535,10.0
2023-10-01,2023-09-01,79145,RCL,0.41102507092676815,10.0
2023-11-01,2023-10-01,14714,ANET,0.25106151678092203,10.0
2023-11-01,2023-10-01,13447,NOW,0.2664872799744486,10.0
2023-11-01,2023-10-01,24328,EQT,0.2263356379245425,10.0
2023-11-01,2023-10-01,12591,APO,0.2365489945455654,10.0
2023-11-01,2023-10-01,81061,MCK,0.25377469548742354,10.0
2023-11-01,2023-10-01,90071,NRG,0.26374996272712786,10.0
2023-11-01,2023-10-01,90038,AIZ,0.222210339236882,10.0
2023-11-01,2023-10-01,18726,CRWD,0.47246954430275107,10.0
2023-11-01,2023-10-01,18576,UBER,0.3938808177306043,10.0
2023-11-01,2023-10-01,19788,PLTR,0.9096765305045076,10.0
2023-11-01,2023-10-01,93002,AVGO,0.35773520591134755,10.0
2023-11-01,2023-10-01,20391,TPL,0.2542486302192339,10.0
2023-11-01,2023-10-01,77357,SNPS,0.26424604757049036,10.0
2023-11-01,2023-10-01,13511,PANW,0.3319095726517975,10.0
2023-11-01,2023-10-01,22623,CEG,0.46799036098993413,10.0
2023-11-01,2023-10-01,64186,CI,0.23185133963886645,10.0
2023-11-01,2023-10-01,50876,LLY,0.4058944303736436,10.0
2023-11-01,2023-10-01,18911,DDOG,0.20911215190051075,10.0
2023-11-01,2023-10-01,16736,VST,0.39112682910507063,10.0
2023-11-01,2023-10-01,85059,FIX,0.21960792147572536,10.0
2023-11-01,2023-10-01,13407,META,0.25361974706752494,10.0
2023-11-01,2023-10-01,84788,AMZN,0.2621146046551759,10.0
2023-11-01,2023-10-01,18267,DELL,0.5578558132517542,10.0
2023-11-01,2023-10-01,89393,NFLX,0.24781060513372744,10.0
2023-11-01,2023-10-01,46886,KLAC,0.22245026639992216,10.0
2023-11-01,2023-10-01,75034,BKR,0.19183448927242464,10.0
2023-11-01,2023-10-01,16655,CVNA,2.8904864830630976,10.0
2023-11-01,2023-10-01,79145,RCL,0.2949707369604782,10.0
2023-11-01,2023-10-01,23819,HAL,0.21212121717103155,10.0
2023-11-01,2023-10-01,75154,CCL,0.2443009351987422,10.0
2023-11-01,2023-10-01,18224,AMR,0.5088799374503912,10.0
2023-11-01,2023-10-01,12872,MPC,0.25502959324109004,10.0
2023-11-01,2023-10-01,13964,NWS,0.2135169642742033,10.0
2023-11-01,2023-10-01,20894,APP,1.1435272500382654,10.0
2023-11-01,2023-10-01,91907,SMCI,1.2713652957500692,10.0
2023-11-01,2023-10-01,75510,ADBE,0.40920764496264916,10.0
2023-11-01,2023-10-01,13949,CDW,0.18930517938087305,10.0
2023-11-01,2023-10-01,79094,JBL,0.5740921533641863,10.0
2023-11-01,2023-10-01,87034,LII,0.32275295463259523,10.0
2023-11-01,2023-10-01,82694,EME,0.21069599105861794,10.0
2023-11-01,2023-10-01,11762,ETN,0.25531201606607207,10.0
2023-11-01,2023-10-01,87299,AKAM,0.26058231442449786,10.0
2023-11-01,2023-10-01,79686,DECK,0.24558603259172426,10.0
2023-11-01,2023-10-01,93436,TSLA,0.22232491900545923,10.0
2023-11-01,2023-10-01,20892,COIN,0.43372374334404457,10.0
2023-11-01,2023-10-01,20189,DASH,0.22487336389812532,10.0
2023-11-01,2023-10-01,90373,DLR,0.2808151570050192,10.0
2023-11-01,2023-10-01,86580,NVDA,0.4698834754735513,10.0
2023-11-01,2023-10-01,82486,ERIE,0.28322287171913957,10.0
2023-11-01,2023-10-01,83011,WSM,0.25691989902908663,10.0
2023-12-01,2023-11-01,87541,PKG,0.3789502232904818,10.0
2023-12-01,2023-11-01,18267,DELL,0.714433361666799,10.0
2023-12-01,2023-11-01,16655,CVNA,1.4241470809574808,10.0
2023-12-01,2023-11-01,92108,BX,0.333789860752771,10.0
2023-12-01,2023-11-01,82598,NTAP,0.39566500315211334,10.0
2023-12-01,2023-11-01,54148,PHM,0.34380071950390045,10.0
2023-12-01,2023-11-01,79686,DECK,0.3978298281845311,10.0
2023-12-01,2023-11-01,91547,LDOS,0.38602586607772327,10.0
2023-12-01,2023-11-01,93429,CBOE,0.3851294094317535,10.0
2023-12-01,2023-11-01,75510,ADBE,0.4624824392216882,10.0
2023-12-01,2023-11-01,16736,VST,0.4985870527929105,10.0
2023-12-01,2023-11-01,11990,KKR,0.48070943857959536,10.0
2023-12-01,2023-11-01,11533,FICO,0.38078216299494866,10.0
2023-12-01,2023-11-01,20892,COIN,1.0051443917112013,10.0
2023-12-01,2023-11-01,92203,LULU,0.346067407978273,10.0
2023-12-01,2023-11-01,91849,BR,0.3327509435981717,10.0
2023-12-01,2023-11-01,50876,LLY,0.3816825939575739,10.0
2023-12-01,2023-11-01,18224,AMR,1.0935733708850783,10.0
2023-12-01,2023-11-01,22623,CEG,0.4477707762770292,10.0
2023-12-01,2023-11-01,82486,ERIE,0.3943135642054378,10.0
2023-12-01,2023-11-01,13511,PANW,0.3828676124479737,10.0
2023-12-01,2023-11-01,13356,PSX,0.43308069568498697,10.0
2023-12-01,2023-11-01,12431,TT,0.3968792248731016,10.0
2023-12-01,2023-11-01,64995,KEY,0.3750597520891847,10.0
2023-12-01,2023-11-01,75154,CCL,0.3410517882227936,10.0
2023-12-01,2023-11-01,83011,WSM,0.6730566741997817,10.0
2023-12-01,2023-11-01,79145,RCL,0.32715701317039586,10.0
2023-12-01,2023-11-01,90373,DLR,0.38315553339356834,10.0
2023-12-01,2023-11-01,59328,INTC,0.4315127259957844,10.0
2023-12-01,2023-11-01,18726,CRWD,0.47998499955454504,10.0
2023-12-01,2023-11-01,90248,DPZ,0.3649861902735558,10.0
2023-12-01,2023-11-01,14714,ANET,0.32084894793703495,10.0
2023-12-01,2023-11-01,12591,APO,0.3905741387594176,10.0
2023-12-01,2023-11-01,87034,LII,0.48541549240582316,10.0
2023-12-01,2023-11-01,90071,NRG,0.44260715964755515,10.0
2023-12-01,2023-11-01,78975,INTU,0.3682279067720028,10.0
2023-12-01,2023-11-01,41355,PH,0.36157883779342337,10.0
2023-12-01,2023-11-01,20189,DASH,0.4394251433096324,10.0
2023-12-01,2023-11-01,15315,GDDY,0.3635867412085112,10.0
2023-12-01,2023-11-01,60506,PCAR,0.3432316027734891,10.0
2023-12-01,2023-11-01,85663,URI,0.43530469266800786,10.0
2023-12-01,2023-11-01,12476,TRGP,0.34541070951588976,10.0
2023-12-01,2023-11-01,89641,STX,0.34531598322652785,10.0
2023-12-01,2023-11-01,12872,MPC,0.43739845416573564,10.0
2023-12-01,2023-11-01,19788,PLTR,0.3630176449017138,10.0
2023-12-01,2023-11-01,20894,APP,0.49859943185204036,10.0
2023-12-01,2023-11-01,90808,EXPE,0.42284043436892355,10.0
2023-12-01,2023-11-01,18576,UBER,0.4864222044284553,10.0
2023-12-01,2023-11-01,90038,AIZ,0.4134606617075216,10.0
2023-12-01,2023-11-01,89781,MOH,0.3346474975998046,10.0
2024-01-01,2023-12-01,18224,AMR,1.0699559079281618,10.0
2024-01-01,2023-12-01,93002,AVGO,0.299935751829827,10.0
2024-01-01,2023-12-01,79698,IT,0.28774415344424553,10.0
2024-01-01,2023-12-01,18576,UBER,0.4262221502060911,10.0
2024-01-01,2023-12-01,66157,USB,0.3442206930521841,10.0
2024-01-01,2023-12-01,88873,GPN,0.29421154114072096,10.0
2024-01-01,2023-12-01,64995,KEY,0.615429347575601,10.0
2024-01-01,2023-12-01,11990,KKR,0.4873002626880958,10.0
2024-01-01,2023-12-01,18267,DELL,0.4315598006050966,10.0
2024-01-01,2023-12-01,85663,URI,0.2958180442731649,10.0
2024-01-01,2023-12-01,34746,FITB,0.3477308308843124,10.0
2024-01-01,2023-12-01,22623,CEG,0.283135351013099,10.0
2024-01-01,2023-12-01,82486,ERIE,0.6103297712196378,10.0
2024-01-01,2023-12-01,14008,AMGN,0.31809746282157303,10.0
2024-01-01,2023-12-01,13964,NWS,0.3103372500064263,10.0
2024-01-01,2023-12-01,54148,PHM,0.3341839170119813,10.0
2024-01-01,2023-12-01,12872,MPC,0.28609403440544706,10.0
2024-01-01,2023-12-01,78975,INTU,0.3688824720468853,10.0
2024-01-01,2023-12-01,83011,WSM,0.6327985895805293,10.0
2024-01-01,2023-12-01,66384,WDC,0.380702940350518,10.0
2024-01-01,2023-12-01,59328,INTC,0.5130040508795464,10.0
2024-01-01,2023-12-01,14714,ANET,0.45322668082772843,10.0
2024-01-01,2023-12-01,14889,CFG,0.31095230316575917,10.0
2024-01-01,2023-12-01,90071,NRG,0.4089010437317022,10.0
2024-01-01,2023-12-01,15315,GDDY,0.41301743980825834,10.0
2024-01-01,2023-12-01,90038,AIZ,0.35281193026065055,10.0
2024-01-01,2023-12-01,79323,ALL,0.30270691357461926,10.0
2024-01-01,2023-12-01,90808,EXPE,0.3876046761135086,10.0
2024-01-01,2023-12-01,89641,STX,0.40674374743663655,10.0
2024-01-01,2023-12-01,13210,EPAM,0.3229825430267355,10.0
2024-01-01,2023-12-01,16655,CVNA,1.0424372473122934,10.0
2024-01-01,2023-12-01,61241,AMD,0.2940932410707234,10.0
2024-01-01,2023-12-01,53613,MU,0.3588603529859979,10.0
2024-01-01,2023-12-01,92108,BX,0.43145244476588174,10.0
2024-01-01,2023-12-01,16736,VST,0.48488475936303904,10.0
2024-01-01,2023-12-01,12431,TT,0.28414555591417673,10.0
2024-01-01,2023-12-01,13356,PSX,0.4218228238736321,10.0
2024-01-01,2023-12-01,89244,WW,0.3020833985743843,10.0
2024-01-01,2023-12-01,92203,LULU,0.3508328814155569,10.0
2024-01-01,2023-12-01,89031,AXON,0.3239548189288864,10.0
2024-01-01,2023-12-01,21723,HOOD,0.27655204569668007,10.0
2024-01-01,2023-12-01,86783,BKNG,0.3136237340125697,10.0
2024-01-01,2023-12-01,93429,CBOE,0.3025463974560265,10.0
2024-01-01,2023-12-01,11533,FICO,0.4384544200671651,10.0
2024-01-01,2023-12-01,87034,LII,0.3798930728172264,10.0
2024-01-01,2023-12-01,20892,COIN,1.4307470186008806,10.0
2024-01-01,2023-12-01,18726,CRWD,0.738408576770285,10.0
2024-01-01,2023-12-01,87299,AKAM,0.3169008408382717,10.0
2024-01-01,2023-12-01,20894,APP,0.548775713097132,10.0
2024-01-01,2023-12-01,20189,DASH,0.2940339435627092,10.0
2024-02-01,2024-01-01,90038,AIZ,0.26035586687954776,10.0
2024-02-01,2024-01-01,85663,URI,0.35455328729139013,10.0
2024-02-01,2024-01-01,87299,AKAM,0.30402011766729553,10.0
2024-02-01,2024-01-01,86580,NVDA,0.3169020759448655,10.0
2024-02-01,2024-01-01,64390,PGR,0.42298641024141725,10.0
2024-02-01,2024-01-01,89031,AXON,0.3395368713081866,10.0
2024-02-01,2024-01-01,79698,IT,0.29370085826939885,10.0
2024-02-01,2024-01-01,13356,PSX,0.317714687009982,10.0
2024-02-01,2024-01-01,81540,COR,0.2513940031726287,10.0
2024-02-01,2024-01-01,12431,TT,0.2726263243969172,10.0
2024-02-01,2024-01-01,93002,AVGO,0.3264366027818583,10.0
2024-02-01,2024-01-01,79323,ALL,0.39814250940671875,10.0
2024-02-01,2024-01-01,13511,PANW,0.35425588717088546,10.0
2024-02-01,2024-01-01,12490,IBM,0.3032547117021678,10.0
2024-02-01,2024-01-01,22623,CEG,0.2685611595054193,10.0
2024-02-01,2024-01-01,50876,LLY,0.42594536536911426,10.0
2024-02-01,2024-01-01,66093,T,0.2620465590621849,10.0
2024-02-01,2024-01-01,18224,AMR,1.3136413025008795,10.0
2024-02-01,2024-01-01,91152,TDG,0.2588533552841872,10.0
2024-02-01,2024-01-01,11990,KKR,0.4657893594464662,10.0
2024-02-01,2024-01-01,11533,FICO,0.4306380390434123,10.0
2024-02-01,2024-01-01,89641,STX,0.37560981772577573,10.0
2024-02-01,2024-01-01,20894,APP,0.309872365236476,10.0
2024-02-01,2024-01-01,18726,CRWD,0.809353650199419,10.0
2024-02-01,2024-01-01,93429,CBOE,0.32510059473022823,10.0
2024-02-01,2024-01-01,18267,DELL,0.582161398284375,10.0
2024-02-01,2024-01-01,83011,WSM,0.40895563361717663,10.0
2024-02-01,2024-01-01,14714,ANET,0.6679342106048249,10.0
2024-02-01,2024-01-01,90215,CRM,0.24923520487152284,10.0
2024-02-01,2024-01-01,12872,MPC,0.25834008043272055,10.0
2024-02-01,2024-01-01,76614,REGN,0.2707488032719163,10.0
2024-02-01,2024-01-01,15315,GDDY,0.38357796987174125,10.0
2024-02-01,2024-01-01,16736,VST,0.4796186687221633,10.0
2024-02-01,2024-01-01,20892,COIN,0.30007152322788394,10.0
2024-02-01,2024-01-01,90071,NRG,0.41941552776842755,10.0
2024-02-01,2024-01-01,66384,WDC,0.3451611913024804,10.0
2024-02-01,2024-01-01,82486,ERIE,0.5702718694686093,10.0
2024-02-01,2024-01-01,85059,FIX,0.25318291377800517,10.0
2024-02-01,2024-01-01,89393,NFLX,0.2850764325723375,10.0
2024-02-01,2024-01-01,79686,DECK,0.3863212950399831,10.0
2024-02-01,2024-01-01,14008,AMGN,0.3636781750766212,10.0
2024-02-01,2024-01-01,91907,SMCI,0.6035665734707225,10.0
2024-02-01,2024-01-01,13964,NWS,0.2774315984420014,10.0
2024-02-01,2024-01-01,65875,VZ,0.2910738621870138,10.0
2024-02-01,2024-01-01,13963,NWSA,0.2491594234904864,10.0
2024-02-01,2024-01-01,13447,NOW,0.3128634164318142,10.0
2024-02-01,2024-01-01,18576,UBER,0.3196522520239328,10.0
2024-02-01,2024-01-01,61241,AMD,0.46582215181392467,10.0
2024-02-01,2024-01-01,17743,WRB,0.35139363993466516,10.0
2024-02-01,2024-01-01,87055,COST,0.27201432135681763,10.0
2024-03-01,2024-02-01,82694,EME,0.40047970652533743,10.0
2024-03-01,2024-02-01,70519,C,0.3737484767261996,10.0
2024-03-01,2024-02-01,11533,FICO,0.40385288680922804,10.0
2024-03-01,2024-02-01,82486,ERIE,0.4711925883779728,10.0
2024-03-01,2024-02-01,12431,TT,0.3823974321888282,10.0
2024-03-01,2024-02-01,20189,DASH,0.4806847485200126,10.0
2024-03-01,2024-02-01,20892,COIN,1.5572894215579116,10.0
2024-03-01,2024-02-01,18267,DELL,0.7003646665839192,10.0
2024-03-01,2024-02-01,77178,QCOM,0.3934485903349894,10.0
2024-03-01,2024-02-01,83011,WSM,0.6848589633356341,10.0
2024-03-01,2024-02-01,16655,CVNA,0.5080438767183522,10.0
2024-03-01,2024-02-01,87055,COST,0.3893145160582673,10.0
2024-03-01,2024-02-01,18224,AMR,0.8669627731940426,10.0
2024-03-01,2024-02-01,64390,PGR,0.42835356511111883,10.0
2024-03-01,2024-02-01,17743,WRB,0.3759887896309099,10.0
2024-03-01,2024-02-01,14338,HLT,0.3767572677818741,10.0
2024-03-01,2024-02-01,90455,MPWR,0.38672327757489694,10.0
2024-03-01,2024-02-01,79323,ALL,0.48935905486301834,10.0
2024-03-01,2024-02-01,59176,AXP,0.39895798643419444,10.0
2024-03-01,2024-02-01,22623,CEG,0.6209731094235773,10.0
2024-03-01,2024-02-01,89393,NFLX,0.39024221498972284,10.0
2024-03-01,2024-02-01,11990,KKR,0.5709994044457889,10.0
2024-03-01,2024-02-01,85072,RL,0.6127222999858306,10.0
2024-03-01,2024-02-01,61241,AMD,0.8211308708575684,10.0
2024-03-01,2024-02-01,86580,NVDA,0.603191586948437,10.0
2024-03-01,2024-02-01,89031,AXON,0.44366229527595585,10.0
2024-03-01,2024-02-01,91907,SMCI,2.1486118830504624,10.0
2024-03-01,2024-02-01,85059,FIX,0.6585214265694039,10.0
2024-03-01,2024-02-01,12060,GE,0.37253309777116883,10.0
2024-03-01,2024-02-01,16736,VST,0.7564871469533445,10.0
2024-03-01,2024-02-01,18726,CRWD,0.9882840545568774,10.0
2024-03-01,2024-02-01,24294,CRH,0.5271813016667184,10.0
2024-03-01,2024-02-01,13407,META,0.658230150127435,10.0
2024-03-01,2024-02-01,89731,LEN,0.39174393720934575,10.0
2024-03-01,2024-02-01,93002,AVGO,0.4234820397516528,10.0
2024-03-01,2024-02-01,91068,CMG,0.39557502152450436,10.0
2024-03-01,2024-02-01,90215,CRM,0.39447539460316244,10.0
2024-03-01,2024-02-01,85663,URI,0.4634238810322727,10.0
2024-03-01,2024-02-01,60506,PCAR,0.400240153378832,10.0
2024-03-01,2024-02-01,14714,ANET,0.4216058616667968,10.0
2024-03-01,2024-02-01,15826,SQ,0.3784901081954408,10.0
2024-03-01,2024-02-01,59459,TRV,0.38657538853926665,10.0
2024-03-01,2024-02-01,79686,DECK,0.6926979223063685,10.0
2024-03-01,2024-02-01,20894,APP,0.38176801676564637,10.0
2024-03-01,2024-02-01,88661,TPR,0.45740791514260043,10.0
2024-03-01,2024-02-01,19788,PLTR,0.6742333634752116,10.0
2024-03-01,2024-02-01,90071,NRG,0.4977777859620941,10.0
2024-03-01,2024-02-01,15315,GDDY,0.574265662951666,10.0
2024-03-01,2024-02-01,18576,UBER,0.6832516439229903,10.0
2024-03-01,2024-02-01,21723,HOOD,0.49770272893965334,10.0
2024-04-01,2024-03-01,12060,GE,0.588777165537643,10.0
2024-04-01,2024-03-01,70519,C,0.5717034084358532,10.0
2024-04-01,2024-03-01,89731,LEN,0.5191529220105768,10.0
2024-04-01,2024-03-01,60506,PCAR,0.514162177056058,10.0
2024-04-01,2024-03-01,53613,MU,0.7397927908399766,10.0
2024-04-01,2024-03-01,26403,DIS,0.514565390860942,10.0
2024-04-01,2024-03-01,18576,UBER,0.6740587617520932,10.0
2024-04-01,2024-03-01,13407,META,0.6191965303014015,10.0
2024-04-01,2024-03-01,24294,CRH,0.6154125872771574,10.0
2024-04-01,2024-03-01,20892,COIN,2.531171244505172,10.0
2024-04-01,2024-03-01,86580,NVDA,1.0774734633642296,10.0
2024-04-01,2024-03-01,15315,GDDY,0.5934480068867956,10.0
2024-04-01,2024-03-01,91068,CMG,0.5868124960503036,10.0
2024-04-01,2024-03-01,20189,DASH,0.732980036870275,10.0
2024-04-01,2024-03-01,22623,CEG,0.7018905837644238,10.0
2024-04-01,2024-03-01,93002,AVGO,0.6097111953762175,10.0
2024-04-01,2024-03-01,52708,LEN,0.5426251314502795,10.0
2024-04-01,2024-03-01,15826,SQ,0.9109803378277372,10.0
2024-04-01,2024-03-01,61241,AMD,0.7553969237325264,10.0
2024-04-01,2024-03-01,85059,FIX,0.8682093380989093,10.0
2024-04-01,2024-03-01,91907,SMCI,2.6832834344949434,10.0
2024-04-01,2024-03-01,81055,COF,0.5498097349589801,10.0
2024-04-01,2024-03-01,79686,DECK,0.8309238831681598,10.0
2024-04-01,2024-03-01,90071,NRG,0.7865429048084929,10.0
2024-04-01,2024-03-01,89393,NFLX,0.6083952535812573,10.0
2024-04-01,2024-03-01,85072,RL,0.6322293757975652,10.0
2024-04-01,2024-03-01,88661,TPR,0.6813673615183014,10.0
2024-04-01,2024-03-01,54148,PHM,0.6350689991846308,10.0
2024-04-01,2024-03-01,21723,HOOD,1.0519863774913993,10.0
2024-04-01,2024-03-01,77178,QCOM,0.541807377686109,10.0
2024-04-01,2024-03-01,46886,KLAC,0.5305112969474746,10.0
2024-04-01,2024-03-01,91152,TDG,0.5141353044348609,10.0
2024-04-01,2024-03-01,79323,ALL,0.5723813042663273,10.0
2024-04-01,2024-03-01,89031,AXON,0.5723410429704827,10.0
2024-04-01,2024-03-01,20894,APP,0.7322330178727652,10.0
2024-04-01,2024-03-01,18267,DELL,0.6731126304528912,10.0
2024-04-01,2024-03-01,85663,URI,0.6316566377608679,10.0
2024-04-01,2024-03-01,16655,CVNA,1.0940919918050476,10.0
2024-04-01,2024-03-01,59176,AXP,0.5373130498177479,10.0
2024-04-01,2024-03-01,48486,LRCX,0.5576303465261392,10.0
2024-04-01,2024-03-01,82694,EME,0.6673816175658369,10.0
2024-04-01,2024-03-01,16736,VST,1.118136592957458,10.0
2024-04-01,2024-03-01,18726,CRWD,0.9153415865727454,10.0
2024-04-01,2024-03-01,64995,KEY,0.5173471503869795,10.0
2024-04-01,2024-03-01,90720,BLDR,0.6752346232498307,10.0
2024-04-01,2024-03-01,49154,TGT,0.6304858096937918,10.0
2024-04-01,2024-03-01,77661,DHI,0.5378729570347376,10.0
2024-04-01,2024-03-01,83011,WSM,1.063885521081314,10.0
2024-04-01,2024-03-01,11990,KKR,0.6396790485759252,10.0
2024-04-01,2024-03-01,14714,ANET,0.5765773782516304,10.0
2024-05-01,2024-04-01,21723,HOOD,0.8041562009972256,10.0
2024-05-01,2024-04-01,82307,DVA,0.7999479283108211,10.0
2024-05-01,2024-04-01,81736,RMD,0.5240945446110548,10.0
2024-05-01,2024-04-01,12060,GE,0.876244953447664,10.0
2024-05-01,2024-04-01,70519,C,0.5875362422164108,10.0
2024-05-01,2024-04-01,11762,ETN,0.5417433772092897,10.0
2024-05-01,2024-04-01,18911,DDOG,0.5404443163665462,10.0
2024-05-01,2024-04-01,83011,WSM,0.9248650157119194,10.0
2024-05-01,2024-04-01,90455,MPWR,0.5204276002692216,10.0
2024-05-01,2024-04-01,77178,QCOM,0.5390752505384069,10.0
2024-05-01,2024-04-01,48486,LRCX,0.5279015738680548,10.0
2024-05-01,2024-04-01,85059,FIX,0.7049476890866482,10.0
2024-05-01,2024-04-01,61241,AMD,0.6079174523351534,10.0
2024-05-01,2024-04-01,91152,TDG,0.5622004001336054,10.0
2024-05-01,2024-04-01,34746,FITB,0.5680128768984245,10.0
2024-05-01,2024-04-01,20189,DASH,0.7246157777780533,10.0
2024-05-01,2024-04-01,18267,DELL,0.8785015110738981,10.0
2024-05-01,2024-04-01,18576,UBER,0.5311914831612536,10.0
2024-05-01,2024-04-01,93246,GNRC,0.6172232615003967,10.0
2024-05-01,2024-04-01,66384,WDC,0.764133756432378,10.0
2024-05-01,2024-04-01,15315,GDDY,0.6711726322363203,10.0
2024-05-01,2024-04-01,18726,CRWD,0.6549178813138556,10.0
2024-05-01,2024-04-01,20892,COIN,1.6443244504587207,10.0
2024-05-01,2024-04-01,16736,VST,1.3388069661622395,10.0
2024-05-01,2024-04-01,12369,GM,0.5882108909170369,10.0
2024-05-01,2024-04-01,88860,ALGN,0.5297694863750779,10.0
2024-05-01,2024-04-01,59176,AXP,0.6128779148414203,10.0
2024-05-01,2024-04-01,12431,TT,0.6780200414587563,10.0
2024-05-01,2024-04-01,82694,EME,0.7310478110623073,10.0
2024-05-01,2024-04-01,53613,MU,0.6931722022335163,10.0
2024-05-01,2024-04-01,89031,AXON,0.5338648643402437,10.0
2024-05-01,2024-04-01,14776,SYF,0.5779787199496971,10.0
2024-05-01,2024-04-01,85792,PWR,0.5483287057871422,10.0
2024-05-01,2024-04-01,90071,NRG,0.7375871535566461,10.0
2024-05-01,2024-04-01,86580,NVDA,1.1190165949051467,10.0
2024-05-01,2024-04-01,91068,CMG,0.6268161472677309,10.0
2024-05-01,2024-04-01,20894,APP,0.9366087499894045,10.0
2024-05-01,2024-04-01,22623,CEG,0.6537094452271077,10.0
2024-05-01,2024-04-01,16692,IR,0.5386810293138622,10.0
2024-05-01,2024-04-01,90720,BLDR,0.6846647207428094,10.0
2024-05-01,2024-04-01,15826,SQ,0.813663966878198,10.0
2024-05-01,2024-04-01,16655,CVNA,2.0711111305753245,10.0
2024-05-01,2024-04-01,79145,RCL,0.6479414048120555,10.0
2024-05-01,2024-04-01,91907,SMCI,2.586253585534583,10.0
2024-05-01,2024-04-01,85663,URI,0.6539518927053061,10.0
2024-05-01,2024-04-01,90248,DPZ,0.5713338187642465,10.0
2024-05-01,2024-04-01,81677,WAB,0.5237801921609972,10.0
2024-05-01,2024-04-01,11990,KKR,0.687048919783162,10.0
2024-05-01,2024-04-01,91926,DAL,0.6060812887463227,10.0
2024-05-01,2024-04-01,93002,AVGO,0.5589261833741084,10.0
2024-06-01,2024-05-01,15315,GDDY,0.39546180377388324,10.0
2024-06-01,2024-05-01,77178,QCOM,0.5958815470351198,10.0
2024-06-01,2024-05-01,91907,SMCI,1.868726514800172,10.0
2024-06-01,2024-05-01,91926,DAL,0.3874576592167326,10.0
2024-06-01,2024-05-01,84769,APH,0.4609482917757094,10.0
2024-06-01,2024-05-01,14702,AMAT,0.44102564127690924,10.0
2024-06-01,2024-05-01,24205,NEE,0.38040063903307736,10.0
2024-06-01,2024-05-01,82694,EME,0.8316361838851734,10.0
2024-06-01,2024-05-01,20894,APP,1.1739597774712371,10.0
2024-06-01,2024-05-01,16655,CVNA,2.192208219465424,10.0
2024-06-01,2024-05-01,87356,TKO,0.4104485527713346,10.0
2024-06-01,2024-05-01,20892,COIN,0.8114199677694651,10.0
2024-06-01,2024-05-01,59176,AXP,0.4143991668062161,10.0
2024-06-01,2024-05-01,90071,NRG,0.7157201978276146,10.0
2024-06-01,2024-05-01,83011,WSM,0.576655179696641,10.0
2024-06-01,2024-05-01,12431,TT,0.4570562208633087,10.0
2024-06-01,2024-05-01,85059,FIX,0.6937982702786165,10.0
2024-06-01,2024-05-01,24643,HWM,0.6116555526577019,10.0
2024-06-01,2024-05-01,86580,NVDA,1.3443992740288824,10.0
2024-06-01,2024-05-01,87055,COST,0.401357306015075,10.0
2024-06-01,2024-05-01,13407,META,0.4284848450669864,10.0
2024-06-01,2024-05-01,88661,TPR,0.3980768586359295,10.0
2024-06-01,2024-05-01,22623,CEG,0.801255814352424,10.0
2024-06-01,2024-05-01,79686,DECK,0.6475435127738933,10.0
2024-06-01,2024-05-01,53613,MU,0.6459585063187216,10.0
2024-06-01,2024-05-01,91068,CMG,0.4210564977760216,10.0
2024-06-01,2024-05-01,45356,JCI,0.3795021306758409,10.0
2024-06-01,2024-05-01,93002,AVGO,0.4476796671132063,10.0
2024-06-01,2024-05-01,91611,FSLR,0.722397100111541,10.0
2024-06-01,2024-05-01,85792,PWR,0.4664639661453436,10.0
2024-06-01,2024-05-01,80286,TSCO,0.4171644786234449,10.0
2024-06-01,2024-05-01,46886,KLAC,0.4004826296210691,10.0
2024-06-01,2024-05-01,18267,DELL,0.8549670427899536,10.0
2024-06-01,2024-05-01,16736,VST,1.8233806827659298,10.0
2024-06-01,2024-05-01,79637,UHS,0.38221740433768814,10.0
2024-06-01,2024-05-01,18312,MRNA,0.8346174705702265,10.0
2024-06-01,2024-05-01,85663,URI,0.4132723493719323,10.0
2024-06-01,2024-05-01,91152,TDG,0.39502616176947897,10.0
2024-06-01,2024-05-01,51369,TER,0.5312321772647419,10.0
2024-06-01,2024-05-01,21723,HOOD,1.3749982754597458,10.0
2024-06-01,2024-05-01,66384,WDC,0.5584761541834717,10.0
2024-06-01,2024-05-01,50876,LLY,0.39264016473177027,10.0
2024-06-01,2024-05-01,11762,ETN,0.47077552408100615,10.0
2024-06-01,2024-05-01,92043,IBKR,0.6198070316916031,10.0
2024-06-01,2024-05-01,81774,FCX,0.4223800031072714,10.0
2024-06-01,2024-05-01,12369,GM,0.4279014534434962,10.0
2024-06-01,2024-05-01,12060,GE,0.7077030736209649,10.0
2024-06-01,2024-05-01,81677,WAB,0.45569098713796075,10.0
2024-06-01,2024-05-01,82307,DVA,0.4500293744996359,10.0
2024-06-01,2024-05-01,85072,RL,0.4577012127414433,10.0
2024-07-01,2024-06-01,16655,CVNA,1.4314295723751589,10.0
2024-07-01,2024-06-01,91547,LDOS,0.3553276890711718,10.0
2024-07-01,2024-06-01,20391,TPL,0.40674648756583587,10.0
2024-07-01,2024-06-01,88352,ISRG,0.31862100495051815,10.0
2024-07-01,2024-06-01,15315,GDDY,0.31603213626436144,10.0
2024-07-01,2024-06-01,82276,ACGL,0.35842360283142144,10.0
2024-07-01,2024-06-01,46886,KLAC,0.42436700242005015,10.0
2024-07-01,2024-06-01,16309,TTD,0.3572818238892497,10.0
2024-07-01,2024-06-01,14702,AMAT,0.4612229649554,10.0
2024-07-01,2024-06-01,18726,CRWD,0.5008204585383482,10.0
2024-07-01,2024-06-01,21723,HOOD,0.7825738216593228,10.0
2024-07-01,2024-06-01,13407,META,0.4274484195358828,10.0
2024-07-01,2024-06-01,82694,EME,0.6972700971683337,10.0
2024-07-01,2024-06-01,24643,HWM,0.43649068631340027,10.0
2024-07-01,2024-06-01,82307,DVA,0.32273743238295927,10.0
2024-07-01,2024-06-01,12476,TRGP,0.5005013632249591,10.0
2024-07-01,2024-06-01,48486,LRCX,0.36487008385564856,10.0
2024-07-01,2024-06-01,14714,ANET,0.48817381470440746,10.0
2024-07-01,2024-06-01,83011,WSM,0.41116448847260156,10.0
2024-07-01,2024-06-01,51369,TER,0.36924449553051636,10.0
2024-07-01,2024-06-01,13641,FANG,0.3261690062879866,10.0
2024-07-01,2024-06-01,85059,FIX,0.4811438507761768,10.0
2024-07-01,2024-06-01,92043,IBKR,0.48319330011231176,10.0
2024-07-01,2024-06-01,20894,APP,1.0883311561886995,10.0
2024-07-01,2024-06-01,18267,DELL,0.8179395970293166,10.0
2024-07-01,2024-06-01,84769,APH,0.3641013881851443,10.0
2024-07-01,2024-06-01,16736,VST,1.2451865431393614,10.0
2024-07-01,2024-06-01,90071,NRG,0.5260772364579784,10.0
2024-07-01,2024-06-01,53613,MU,0.542748425524602,10.0
2024-07-01,2024-06-01,19788,PLTR,0.4752472673492135,10.0
2024-07-01,2024-06-01,22623,CEG,0.7194236193722496,10.0
2024-07-01,2024-06-01,90455,MPWR,0.3070455924666623,10.0
2024-07-01,2024-06-01,93002,AVGO,0.44900382266660194,10.0
2024-07-01,2024-06-01,12431,TT,0.35620414623553875,10.0
2024-07-01,2024-06-01,82598,NTAP,0.47647690308986507,10.0
2024-07-01,2024-06-01,91907,SMCI,1.8823987348405766,10.0
2024-07-01,2024-06-01,77605,BSX,0.332121887687725,10.0
2024-07-01,2024-06-01,79686,DECK,0.448093793549146,10.0
2024-07-01,2024-06-01,91611,FSLR,0.3086826483821206,10.0
2024-07-01,2024-06-01,50876,LLY,0.5584163384258183,10.0
2024-07-01,2024-06-01,87356,TKO,0.3237313404613761,10.0
2024-07-01,2024-06-01,89393,NFLX,0.3861324209521717,10.0
2024-07-01,2024-06-01,77178,QCOM,0.3899827988165125,10.0
2024-07-01,2024-06-01,86580,NVDA,1.4949729496050788,10.0
2024-07-01,2024-06-01,64390,PGR,0.311202367897744,10.0
2024-07-01,2024-06-01,10104,ORCL,0.3487961646212027,10.0
2024-07-01,2024-06-01,66384,WDC,0.4468192989623006,10.0
2024-07-01,2024-06-01,11762,ETN,0.30995425407708393,10.0
2024-07-01,2024-06-01,91068,CMG,0.3697229502794071,10.0
2024-07-01,2024-06-01,12060,GE,0.5678303124543649,10.0
2024-08-01,2024-07-01,21573,IP,0.3282804354335018,10.0
2024-08-01,2024-07-01,86868,GS,0.3429896009063456,10.0
2024-08-01,2024-07-01,51369,TER,0.36065581556909004,10.0
2024-08-01,2024-07-01,24174,VLTO,0.39219505655070763,10.0
2024-08-01,2024-07-01,93002,AVGO,0.37180483855558333,10.0
2024-08-01,2024-07-01,92043,IBKR,0.34779682513533594,10.0
2024-08-01,2024-07-01,85792,PWR,0.3685524328662435,10.0
2024-08-01,2024-07-01,88837,GRMN,0.4470280837696932,10.0
2024-08-01,2024-07-01,21723,HOOD,0.9152686969572528,10.0
2024-08-01,2024-07-01,90071,NRG,0.42518027552265075,10.0
2024-08-01,2024-07-01,14714,ANET,0.33968593960946825,10.0
2024-08-01,2024-07-01,14889,CFG,0.3339634389689144,10.0
2024-08-01,2024-07-01,20894,APP,0.8745449007504771,10.0
2024-08-01,2024-07-01,24643,HWM,0.7035041007070968,10.0
2024-08-01,2024-07-01,19788,PLTR,0.6712232641163691,10.0
2024-08-01,2024-07-01,15315,GDDY,0.3636783913594796,10.0
2024-08-01,2024-07-01,12060,GE,0.6206650440232395,10.0
2024-08-01,2024-07-01,20391,TPL,0.7658120978718475,10.0
2024-08-01,2024-07-01,16655,CVNA,2.094049687231786,10.0
2024-08-01,2024-07-01,82694,EME,0.6481391802067937,10.0
2024-08-01,2024-07-01,90455,MPWR,0.4368343450288114,10.0
2024-08-01,2024-07-01,82598,NTAP,0.4690326089391493,10.0
2024-08-01,2024-07-01,45356,JCI,0.3729814387732244,10.0
2024-08-01,2024-07-01,86580,NVDA,0.9021764472317053,10.0
2024-08-01,2024-07-01,76795,ZBRA,0.46604024126841676,10.0
2024-08-01,2024-07-01,52978,HAS,0.33189070086062783,10.0
2024-08-01,2024-07-01,91611,FSLR,0.47634894895322105,10.0
2024-08-01,2024-07-01,12431,TT,0.333697311026122,10.0
2024-08-01,2024-07-01,75034,BKR,0.37726979087359835,10.0
2024-08-01,2024-07-01,22592,MMM,0.6378706866381278,10.0
2024-08-01,2024-07-01,87034,LII,0.36882552796779766,10.0
2024-08-01,2024-07-01,23712,PEG,0.3996582343083944,10.0
2024-08-01,2024-07-01,11990,KKR,0.4307173284221636,10.0
2024-08-01,2024-07-01,20892,COIN,0.7500796804166201,10.0
2024-08-01,2024-07-01,22623,CEG,0.5612809154742171,10.0
2024-08-01,2024-07-01,46886,KLAC,0.3913864325774572,10.0
2024-08-01,2024-07-01,18267,DELL,0.38177166623137754,10.0
2024-08-01,2024-07-01,79637,UHS,0.3490672317378101,10.0
2024-08-01,2024-07-01,16736,VST,0.9421132031290249,10.0
2024-08-01,2024-07-01,76185,TYL,0.34384280184589816,10.0
2024-08-01,2024-07-01,12476,TRGP,0.6113528233370014,10.0
2024-08-01,2024-07-01,21207,NEM,0.44136176491654283,10.0
2024-08-01,2024-07-01,93246,GNRC,0.3695799306478102,10.0
2024-08-01,2024-07-01,85059,FIX,0.5311263781183686,10.0
2024-08-01,2024-07-01,11533,FICO,0.33463545444530507,10.0
2024-08-01,2024-07-01,13641,FANG,0.3518948595459127,10.0
2024-08-01,2024-07-01,83143,IRM,0.5428858256991369,10.0
2024-08-01,2024-07-01,83011,WSM,0.6123684097566704,10.0
2024-08-01,2024-07-01,86356,EBAY,0.36806461451237066,10.0
2024-08-01,2024-07-01,16851,DD,0.3680589246562061,10.0
2024-09-01,2024-08-01,81736,RMD,0.4169076405284497,10.0
2024-09-01,2024-08-01,82598,NTAP,0.3665226741124502,10.0
2024-09-01,2024-08-01,87356,TKO,0.4120390812076094,10.0
2024-09-01,2024-08-01,55976,WMT,0.33046071576895825,10.0
2024-09-01,2024-08-01,91611,FSLR,0.47748300412182804,10.0
2024-09-01,2024-08-01,52978,HAS,0.385229852578559,10.0
2024-09-01,2024-08-01,13901,MO,0.3740426351755633,10.0
2024-09-01,2024-08-01,90071,NRG,0.5538813842725783,10.0
2024-09-01,2024-08-01,79145,RCL,0.3345757150503896,10.0
2024-09-01,2024-08-01,40272,IFF,0.3897309080812273,10.0
2024-09-01,2024-08-01,80681,ESS,0.3292850632371717,10.0
2024-09-01,2024-08-01,57904,AFL,0.38118341317368293,10.0
2024-09-01,2024-08-01,24643,HWM,0.45457436599434364,10.0
2024-09-01,2024-08-01,86580,NVDA,0.5090701298909965,10.0
2024-09-01,2024-08-01,20894,APP,0.5550911201034032,10.0
2024-09-01,2024-08-01,20391,TPL,0.6807074032537945,10.0
2024-09-01,2024-08-01,79637,UHS,0.42598602390977947,10.0
2024-09-01,2024-08-01,51369,TER,0.3210435307414206,10.0
2024-09-01,2024-08-01,80183,MAA,0.3204791382065043,10.0
2024-09-01,2024-08-01,86868,GS,0.32729698532740703,10.0
2024-09-01,2024-08-01,83143,IRM,0.4629220094312506,10.0
2024-09-01,2024-08-01,75819,VTR,0.4969737308759612,10.0
2024-09-01,2024-08-01,79452,CPT,0.3518372047508258,10.0
2024-09-01,2024-08-01,21573,IP,0.3973373371295826,10.0
2024-09-01,2024-08-01,17830,RTX,0.39119181931712754,10.0
2024-09-01,2024-08-01,22293,GLW,0.3165829708445431,10.0
2024-09-01,2024-08-01,65947,WELL,0.3251138984673986,10.0
2024-09-01,2024-08-01,22592,MMM,0.752187103208277,10.0
2024-09-01,2024-08-01,19285,CARR,0.3175165417253564,10.0
2024-09-01,2024-08-01,76185,TYL,0.34480840875412067,10.0
2024-09-01,2024-08-01,12476,TRGP,0.5132301015129661,10.0
2024-09-01,2024-08-01,11533,FICO,0.36251524700085946,10.0
2024-09-01,2024-08-01,16655,CVNA,0.9836661273763123,10.0
2024-09-01,2024-08-01,16736,VST,0.5755654904147507,10.0
2024-09-01,2024-08-01,21178,LMT,0.3355289188630162,10.0
2024-09-01,2024-08-01,18421,FOX,0.41743838957311435,10.0
2024-09-01,2024-08-01,22779,MSI,0.34526450475274284,10.0
2024-09-01,2024-08-01,92602,PM,0.40760325610926046,10.0
2024-09-01,2024-08-01,67598,DOC,0.3707284331340225,10.0
2024-09-01,2024-08-01,24205,NEE,0.4778382620052885,10.0
2024-09-01,2024-08-01,18420,FOXA,0.40124796280894875,10.0
2024-09-01,2024-08-01,23712,PEG,0.31671917583311615,10.0
2024-09-01,2024-08-01,15315,GDDY,0.4665789792285662,10.0
2024-09-01,2024-08-01,64390,PGR,0.3317152729255701,10.0
2024-09-01,2024-08-01,85459,CHRW,0.4070740886586696,10.0
2024-09-01,2024-08-01,14889,CFG,0.4020096249411385,10.0
2024-09-01,2024-08-01,88837,GRMN,0.3473736892906978,10.0
2024-09-01,2024-08-01,21207,NEM,0.7318545728376047,10.0
2024-09-01,2024-08-01,12060,GE,0.4034138464518038,10.0
2024-09-01,2024-08-01,93246,GNRC,0.3912556004719636,10.0
2024-10-01,2024-09-01,12476,TRGP,0.33746803024308514,10.0
2024-10-01,2024-09-01,75819,VTR,0.48592702696814755,10.0
2024-10-01,2024-09-01,93002,AVGO,0.3099080960142821,10.0
2024-10-01,2024-09-01,19285,CARR,0.39317031981639755,10.0
2024-10-01,2024-09-01,83143,IRM,0.5014232136885675,10.0
2024-10-01,2024-09-01,16736,VST,0.7096370199606872,10.0
2024-10-01,2024-09-01,11533,FICO,0.5553026769388418,10.0
2024-10-01,2024-09-01,18421,FOX,0.36527994393071045,10.0
2024-10-01,2024-09-01,55976,WMT,0.35044136563571565,10.0
2024-10-01,2024-09-01,10104,ORCL,0.3647963108156929,10.0
2024-10-01,2024-09-01,76185,TYL,0.37342662151720624,10.0
2024-10-01,2024-09-01,23712,PEG,0.35692424844265414,10.0
2024-10-01,2024-09-01,12431,TT,0.3015007560118985,10.0
2024-10-01,2024-09-01,14593,AAPL,0.36217939658407045,10.0
2024-10-01,2024-09-01,92602,PM,0.3572721210413284,10.0
2024-10-01,2024-09-01,66093,T,0.28933855009482623,10.0
2024-10-01,2024-09-01,18411,SO,0.27892266656874704,10.0
2024-10-01,2024-09-01,93436,TSLA,0.4883103674636633,10.0
2024-10-01,2024-09-01,22623,CEG,0.41155196904574504,10.0
2024-10-01,2024-09-01,20391,TPL,0.5557150597025351,10.0
2024-10-01,2024-09-01,16655,CVNA,0.9805444211374772,10.0
2024-10-01,2024-09-01,57904,AFL,0.3157682803847359,10.0
2024-10-01,2024-09-01,92050,PODD,0.3579343488947828,10.0
2024-10-01,2024-09-01,90455,MPWR,0.36866162680134457,10.0
2024-10-01,2024-09-01,24878,GEV,0.8212877131496505,10.0
2024-10-01,2024-09-01,21207,NEM,0.5077727562426033,10.0
2024-10-01,2024-09-01,82486,ERIE,0.35339663052570514,10.0
2024-10-01,2024-09-01,52978,HAS,0.307767091151987,10.0
2024-10-01,2024-09-01,85459,CHRW,0.46871216091318396,10.0
2024-10-01,2024-09-01,18420,FOXA,0.3625676550070912,10.0
2024-10-01,2024-09-01,90199,CBRE,0.2801314762037756,10.0
2024-10-01,2024-09-01,64653,PSA,0.2787047833307025,10.0
2024-10-01,2024-09-01,11990,KKR,0.3024917801064343,10.0
2024-10-01,2024-09-01,22293,GLW,0.38937067261307995,10.0
2024-10-01,2024-09-01,21178,LMT,0.3009558090168252,10.0
2024-10-01,2024-09-01,79452,CPT,0.27780237632919075,10.0
2024-10-01,2024-09-01,65947,WELL,0.38656200082410946,10.0
2024-10-01,2024-09-01,24643,HWM,0.4671516898605042,10.0
2024-10-01,2024-09-01,20894,APP,0.8860153519533809,10.0
2024-10-01,2024-09-01,90071,NRG,0.3608932703614895,10.0
2024-10-01,2024-09-01,12060,GE,0.35671822293785743,10.0
2024-10-01,2024-09-01,85914,BBY,0.28425382774409863,10.0
2024-10-01,2024-09-01,19788,PLTR,0.6166875380613588,10.0
2024-10-01,2024-09-01,91611,FSLR,0.4777241132403951,10.0
2024-10-01,2024-09-01,22592,MMM,0.5444537296998211,10.0
2024-10-01,2024-09-01,86580,NVDA,0.3442415746492693,10.0
2024-10-01,2024-09-01,79145,RCL,0.27881029881255703,10.0
2024-10-01,2024-09-01,14714,ANET,0.3236094611772499,10.0
2024-10-01,2024-09-01,87356,TKO,0.43166244120353914,10.0
2024-10-01,2024-09-01,15315,GDDY,0.32103051768996377,10.0
2024-10-01,2024-09-01,24205,NEE,0.33992200527092964,10.0
2024-11-01,2024-10-01,92108,BX,0.45424247168420745,10.0
2024-11-01,2024-10-01,79145,RCL,0.48122939548052274,10.0
2024-11-01,2024-10-01,22293,GLW,0.44602830382677144,10.0
2024-11-01,2024-10-01,35554,MTB,0.37128933211961057,10.0
2024-11-01,2024-10-01,88352,ISRG,0.35945185159195653,10.0
2024-11-01,2024-10-01,16655,CVNA,1.9825089864474994,10.0
2024-11-01,2024-10-01,19788,PLTR,0.8916694605502524,10.0
2024-11-01,2024-10-01,93436,TSLA,0.3632153150259846,10.0
2024-11-01,2024-10-01,86964,FFIV,0.41479480735995583,10.0
2024-11-01,2024-10-01,49656,BK,0.3522759588432653,10.0
2024-11-01,2024-10-01,79906,INCY,0.42401430892995634,10.0
2024-11-01,2024-10-01,18420,FOXA,0.36328075706364005,10.0
2024-11-01,2024-10-01,91103,UAL,0.5207931347501924,10.0
2024-11-01,2024-10-01,15315,GDDY,0.362967038707308,10.0
2024-11-01,2024-10-01,62308,GL,0.3935893373096521,10.0
2024-11-01,2024-10-01,92602,PM,0.4317268803757985,10.0
2024-11-01,2024-10-01,86783,BKNG,0.36093073411020987,10.0
2024-11-01,2024-10-01,89393,NFLX,0.37300281246679984,10.0
2024-11-01,2024-10-01,21573,IP,0.6220788425537893,10.0
2024-11-01,2024-10-01,77274,GILD,0.3912102603422402,10.0
2024-11-01,2024-10-01,22623,CEG,0.41914369677983454,10.0
2024-11-01,2024-10-01,12558,KMI,0.37499485151962925,10.0
2024-11-01,2024-10-01,85459,CHRW,0.47043525277986714,10.0
2024-11-01,2024-10-01,24878,GEV,0.9625279218046856,10.0
2024-11-01,2024-10-01,83143,IRM,0.6175832907260965,10.0
2024-11-01,2024-10-01,16736,VST,0.6551326475399224,10.0
2024-11-01,2024-10-01,11533,FICO,0.7586339444792398,10.0
2024-11-01,2024-10-01,16309,TTD,0.4509344428974764,10.0
2024-11-01,2024-10-01,21723,HOOD,0.42449903786910786,10.0
2024-11-01,2024-10-01,12476,TRGP,0.4785192283718841,10.0
2024-11-01,2024-10-01,14714,ANET,0.5062366918593433,10.0
2024-11-01,2024-10-01,10104,ORCL,0.48302547918857136,10.0
2024-11-01,2024-10-01,65947,WELL,0.4325376952591583,10.0
2024-11-01,2024-10-01,75819,VTR,0.5025893460092694,10.0
2024-11-01,2024-10-01,22592,MMM,0.3476371460726387,10.0
2024-11-01,2024-10-01,24010,ETR,0.48047387152455373,10.0
2024-11-01,2024-10-01,20391,TPL,1.0581405297205633,10.0
2024-11-01,2024-10-01,66093,T,0.37198881303034936,10.0
2024-11-01,2024-10-01,89031,AXON,0.35019005136195513,10.0
2024-11-01,2024-10-01,20894,APP,1.400312373115511,10.0
2024-11-01,2024-10-01,88837,GRMN,0.3853638520304659,10.0
2024-11-01,2024-10-01,86580,NVDA,0.5367952114847747,10.0
2024-11-01,2024-10-01,38156,WMB,0.395727231852949,10.0
2024-11-01,2024-10-01,11990,KKR,0.4901632714052755,10.0
2024-11-01,2024-10-01,75154,CCL,0.4844793484929998,10.0
2024-11-01,2024-10-01,75607,GEN,0.4597258384311379,10.0
2024-11-01,2024-10-01,55976,WMT,0.3894456399516897,10.0
2024-11-01,2024-10-01,24643,HWM,0.49612625455171083,10.0
2024-11-01,2024-10-01,90199,CBRE,0.5073086041915524,10.0
2024-11-01,2024-10-01,91937,TMUS,0.3688360059367115,10.0
2024-11-01,2024-10-01,18421,FOX,0.368042940416368,10.0
2024-12-01,2024-11-01,16736,VST,0.6205384640759728,10.0
2024-12-01,2024-11-01,85059,FIX,0.5095521728351453,10.0
2024-12-01,2024-11-01,86964,FFIV,0.48162294058451016,10.0
2024-12-01,2024-11-01,35554,MTB,0.4758717363280139,10.0
2024-12-01,2024-11-01,55976,WMT,0.41060337208000164,10.0
2024-12-01,2024-11-01,17700,DAY,0.6172662638820892,10.0
2024-12-01,2024-11-01,20189,DASH,0.6390875788844457,10.0
2024-12-01,2024-11-01,92108,BX,0.6031020702625722,10.0
2024-12-01,2024-11-01,25232,OKE,0.4344412875791537,10.0
2024-12-01,2024-11-01,21723,HOOD,0.7961713017966552,10.0
2024-12-01,2024-11-01,90601,NDAQ,0.4162938196054243,10.0
2024-12-01,2024-11-01,85631,ADSK,0.44791712024396857,10.0
2024-12-01,2024-11-01,83143,IRM,0.5532804647836946,10.0
2024-12-01,2024-11-01,93436,TSLA,0.9382311934543179,10.0
2024-12-01,2024-11-01,13447,NOW,0.5974915011291184,10.0
2024-12-01,2024-11-01,90808,EXPE,0.6358304893814182,10.0
2024-12-01,2024-11-01,12591,APO,0.517341007663533,10.0
2024-12-01,2024-11-01,90215,CRM,0.41202972957349443,10.0
2024-12-01,2024-11-01,20894,APP,3.1329184727079094,10.0
2024-12-01,2024-11-01,14776,SYF,0.5573949130368949,10.0
2024-12-01,2024-11-01,19393,BMY,0.47929704245136356,10.0
2024-12-01,2024-11-01,11990,KKR,0.5882083003071945,10.0
2024-12-01,2024-11-01,90199,CBRE,0.5895326023311713,10.0
2024-12-01,2024-11-01,92043,IBKR,0.5249043014818291,10.0
2024-12-01,2024-11-01,12558,KMI,0.48746867284506745,10.0
2024-12-01,2024-11-01,91103,UAL,0.8273259979514347,10.0
2024-12-01,2024-11-01,89031,AXON,1.296875185441094,10.0
2024-12-01,2024-11-01,79145,RCL,0.656424896890279,10.0
2024-12-01,2024-11-01,15315,GDDY,0.4149530079843032,10.0
2024-12-01,2024-11-01,10696,FI,0.47542597750782856,10.0
2024-12-01,2024-11-01,88661,TPR,0.4561275884962532,10.0
2024-12-01,2024-11-01,12476,TRGP,0.7453732921590093,10.0
2024-12-01,2024-11-01,11533,FICO,0.8412104452298297,10.0
2024-12-01,2024-11-01,19788,PLTR,2.09409492920557,10.0
2024-12-01,2024-11-01,10104,ORCL,0.5852942133005101,10.0
2024-12-01,2024-11-01,14579,PAYC,0.6021169169882588,10.0
2024-12-01,2024-11-01,38156,WMB,0.44127951376641184,10.0
2024-12-01,2024-11-01,12449,CPAY,0.42406659565403876,10.0
2024-12-01,2024-11-01,91041,LYV,0.47482362579553183,10.0
2024-12-01,2024-11-01,13760,NCLH,0.6198808782577148,10.0
2024-12-01,2024-11-01,16655,CVNA,1.60471725896054,10.0
2024-12-01,2024-11-01,92050,PODD,0.5056136453902007,10.0
2024-12-01,2024-11-01,24010,ETR,0.41307389890115437,10.0
2024-12-01,2024-11-01,77274,GILD,0.4710879629975047,10.0
2024-12-01,2024-11-01,24878,GEV,0.8994897063523362,10.0
2024-12-01,2024-11-01,75154,CCL,0.686337926652012,10.0
2024-12-01,2024-11-01,18421,FOX,0.41034084478944577,10.0
2024-12-01,2024-11-01,20391,TPL,1.6496106003820348,10.0
2024-12-01,2024-11-01,93132,FTNT,0.6023260299620756,10.0
2024-12-01,2024-11-01,91937,TMUS,0.4210872425583754,10.0
2024-12-01,2024-11-01,35044,RF,0.4421618843272677,10.0
2025-01-01,2024-12-01,11990,KKR,0.4094361793889776,10.0
2025-01-01,2024-12-01,13760,NCLH,0.3693457861724025,10.0
2025-01-01,2024-12-01,62308,GL,0.3624271844411596,10.0
2025-01-01,2024-12-01,90808,EXPE,0.4789249066583437,10.0
2025-01-01,2024-12-01,85072,RL,0.32973421610373393,10.0
2025-01-01,2024-12-01,17700,DAY,0.4645160909056658,10.0
2025-01-01,2024-12-01,93132,FTNT,0.5676115812860962,10.0
2025-01-01,2024-12-01,89031,AXON,1.0198500861816506,10.0
2025-01-01,2024-12-01,18421,FOX,0.43858269142277734,10.0
2025-01-01,2024-12-01,77274,GILD,0.3702150641588712,10.0
2025-01-01,2024-12-01,10696,FI,0.37828755047838053,10.0
2025-01-01,2024-12-01,20391,TPL,0.5308043645188336,10.0
2025-01-01,2024-12-01,79094,JBL,0.3245466203349455,10.0
2025-01-01,2024-12-01,12558,KMI,0.4141207128988712,10.0
2025-01-01,2024-12-01,19788,PLTR,1.9857871207986864,10.0
2025-01-01,2024-12-01,83011,WSM,0.3219123568009609,10.0
2025-01-01,2024-12-01,12476,TRGP,0.4000299531493341,10.0
2025-01-01,2024-12-01,93002,AVGO,0.4522576660286463,10.0
2025-01-01,2024-12-01,24010,ETR,0.4424838459326243,10.0
2025-01-01,2024-12-01,13447,NOW,0.3476052256930803,10.0
2025-01-01,2024-12-01,12591,APO,0.4086162708989941,10.0
2025-01-01,2024-12-01,20894,APP,2.891253080139153,10.0
2025-01-01,2024-12-01,15488,PYPL,0.47079215460296814,10.0
2025-01-01,2024-12-01,93436,TSLA,1.040833849770515,10.0
2025-01-01,2024-12-01,11533,FICO,0.3373988484038399,10.0
2025-01-01,2024-12-01,92043,IBKR,0.4457101621781834,10.0
2025-01-01,2024-12-01,24643,HWM,0.4110648332399895,10.0
2025-01-01,2024-12-01,14776,SYF,0.39156672989857216,10.0
2025-01-01,2024-12-01,75154,CCL,0.33119572631163063,10.0
2025-01-01,2024-12-01,88661,TPR,0.5486577102193015,10.0
2025-01-01,2024-12-01,16655,CVNA,0.5798608184849778,10.0
2025-01-01,2024-12-01,72726,STT,0.3505355713327392,10.0
2025-01-01,2024-12-01,86964,FFIV,0.4600823527883397,10.0
2025-01-01,2024-12-01,85059,FIX,0.39683274799590856,10.0
2025-01-01,2024-12-01,15315,GDDY,0.41271159179812256,10.0
2025-01-01,2024-12-01,20189,DASH,0.5421032406390898,10.0
2025-01-01,2024-12-01,92108,BX,0.40791697442996894,10.0
2025-01-01,2024-12-01,16736,VST,0.6093168454250171,10.0
2025-01-01,2024-12-01,22976,WBD,0.4206990146768055,10.0
2025-01-01,2024-12-01,21723,HOOD,0.6406853837662458,10.0
2025-01-01,2024-12-01,14617,ARES,0.3434957045023055,10.0
2025-01-01,2024-12-01,90199,CBRE,0.47334913970333947,10.0
2025-01-01,2024-12-01,91103,UAL,0.9954791675292045,10.0
2025-01-01,2024-12-01,55976,WMT,0.3410823987816459,10.0
2025-01-01,2024-12-01,19393,BMY,0.39788292681523807,10.0
2025-01-01,2024-12-01,14579,PAYC,0.4385148202970154,10.0
2025-01-01,2024-12-01,18420,FOXA,0.4227091209988755,10.0
2025-01-01,2024-12-01,79145,RCL,0.4537193546732649,10.0
2025-01-01,2024-12-01,24878,GEV,0.9192474243215185,10.0
2025-01-01,2024-12-01,91041,LYV,0.3814805636953068,10.0
2025-01-01,2024-12-01,89393,NFLX,0.3207096322249376,10.0
2025-02-01,2025-01-01,91103,UAL,1.3302495858208006,10.0
2025-02-01,2025-01-01,93436,TSLA,0.7434411872939477,10.0
2025-02-01,2025-01-01,13760,NCLH,0.5382535594871951,10.0
2025-02-01,2025-01-01,86964,FFIV,0.459732882988785,10.0
2025-02-01,2025-01-01,93002,AVGO,0.3849508384058892,10.0
2025-02-01,2025-01-01,18421,FOX,0.38141751201031837,10.0
2025-02-01,2025-01-01,20391,TPL,0.5391372115552382,10.0
2025-02-01,2025-01-01,91041,LYV,0.5041063907432062,10.0
2025-02-01,2025-01-01,69032,MS,0.3609524430595135,10.0
2025-02-01,2025-01-01,21723,HOOD,1.5255220775229135,10.0
2025-02-01,2025-01-01,18726,CRWD,0.7161143980326594,10.0
2025-02-01,2025-01-01,88661,TPR,0.8455041164988693,10.0
2025-02-01,2025-01-01,18420,FOXA,0.3542473367806357,10.0
2025-02-01,2025-01-01,13407,META,0.45394803929593763,10.0
2025-02-01,2025-01-01,24328,EQT,0.49486395899713315,10.0
2025-02-01,2025-01-01,92203,LULU,0.6013314300792014,10.0
2025-02-01,2025-01-01,79094,JBL,0.44344394824122657,10.0
2025-02-01,2025-01-01,14776,SYF,0.3721003341459959,10.0
2025-02-01,2025-01-01,20189,DASH,0.705473151975194,10.0
2025-02-01,2025-01-01,15826,XYZ,0.4676793517807031,10.0
2025-02-01,2025-01-01,16736,VST,1.128733591764997,10.0
2025-02-01,2025-01-01,77605,BSX,0.38549103308934685,10.0
2025-02-01,2025-01-01,19788,PLTR,2.0676835168391574,10.0
2025-02-01,2025-01-01,90071,NRG,0.3767730523715378,10.0
2025-02-01,2025-01-01,76230,TRMB,0.3744051214248244,10.0
2025-02-01,2025-01-01,55976,WMT,0.4372673760865799,10.0
2025-02-01,2025-01-01,92043,IBKR,0.8290149547960508,10.0
2025-02-01,2025-01-01,77702,SBUX,0.39831544392231977,10.0
2025-02-01,2025-01-01,24878,GEV,1.0935372665815772,10.0
2025-02-01,2025-01-01,91926,DAL,0.5683552974179475,10.0
2025-02-01,2025-01-01,16655,CVNA,0.857536998541488,10.0
2025-02-01,2025-01-01,89031,AXON,1.1738631352398126,10.0
2025-02-01,2025-01-01,75154,CCL,0.6608635791361808,10.0
2025-02-01,2025-01-01,89393,NFLX,0.5544857936819516,10.0
2025-02-01,2025-01-01,83011,WSM,0.3757619245286233,10.0
2025-02-01,2025-01-01,92050,PODD,0.4323640582780311,10.0
2025-02-01,2025-01-01,85072,RL,0.43316423408127896,10.0
2025-02-01,2025-01-01,79145,RCL,0.7090602771711241,10.0
2025-02-01,2025-01-01,12490,IBM,0.35304206690495893,10.0
2025-02-01,2025-01-01,69649,RJF,0.46242984229225453,10.0
2025-02-01,2025-01-01,81055,COF,0.35605129025838506,10.0
2025-02-01,2025-01-01,22623,CEG,0.5859687993723055,10.0
2025-02-01,2025-01-01,15315,GDDY,0.46201405054529615,10.0
2025-02-01,2025-01-01,81655,DRI,0.35706415396150704,10.0
2025-02-01,2025-01-01,20894,APP,3.793646959005825,10.0
2025-02-01,2025-01-01,93132,FTNT,0.7381100957329545,10.0
2025-02-01,2025-01-01,24010,ETR,0.42324286673967937,10.0
2025-02-01,2025-01-01,12591,APO,0.3740007723110879,10.0
2025-02-01,2025-01-01,12476,TRGP,0.4668638488753084,10.0
2025-02-01,2025-01-01,11990,KKR,0.3571755638542709,10.0
2025-02-01,2025-01-01,87356,TKO,0.4193863626925889,10.0
2025-03-01,2025-02-01,91926,DAL,0.42270506525736534,10.0
2025-03-01,2025-02-01,24010,ETR,0.46930773168292167,10.0
2025-03-01,2025-02-01,92043,IBKR,0.589864416113363,10.0
2025-03-01,2025-02-01,20894,APP,2.507483948689606,10.0
2025-03-01,2025-02-01,10696,FI,0.3498842771337877,10.0
2025-03-01,2025-02-01,12476,TRGP,0.3846035394708067,10.0
2025-03-01,2025-02-01,19788,PLTR,1.6975867650226624,10.0
2025-03-01,2025-02-01,77274,GILD,0.47265940881358387,10.0
2025-03-01,2025-02-01,91937,TMUS,0.3664305872320192,10.0
2025-03-01,2025-02-01,12591,APO,0.2971371602831352,10.0
2025-03-01,2025-02-01,18421,FOX,0.41692106052564354,10.0
2025-03-01,2025-02-01,16655,CVNA,0.5476008103345136,10.0
2025-03-01,2025-02-01,24643,HWM,0.4153020104276691,10.0
2025-03-01,2025-02-01,84761,TTWO,0.31086566652265407,10.0
2025-03-01,2025-02-01,20391,TPL,0.6475314773200016,10.0
2025-03-01,2025-02-01,83011,WSM,0.4583420483852809,10.0
2025-03-01,2025-02-01,88661,TPR,1.1148468672488465,10.0
2025-03-01,2025-02-01,66093,T,0.4132538663153381,10.0
2025-03-01,2025-02-01,79145,RCL,0.5019342924066912,10.0
2025-03-01,2025-02-01,92050,PODD,0.34275309676279353,10.0
2025-03-01,2025-02-01,89031,AXON,0.4479280910957808,10.0
2025-03-01,2025-02-01,69032,MS,0.3035969379886493,10.0
2025-03-01,2025-02-01,81055,COF,0.3734622965023796,10.0
2025-03-01,2025-02-01,20583,EXE,0.3354443025531252,10.0
2025-03-01,2025-02-01,90808,EXPE,0.4232493039979589,10.0
2025-03-01,2025-02-01,93132,FTNT,0.40802863115302035,10.0
2025-03-01,2025-02-01,85753,VRSN,0.2935305226313623,10.0
2025-03-01,2025-02-01,91103,UAL,1.130107823395461,10.0
2025-03-01,2025-02-01,38703,WFC,0.3538199982347458,10.0
2025-03-01,2025-02-01,38156,WMB,0.2957569351059511,10.0
2025-03-01,2025-02-01,85072,RL,0.5955666892695879,10.0
2025-03-01,2025-02-01,92611,V,0.3171191075115872,10.0
2025-03-01,2025-02-01,18726,CRWD,0.40529325774120445,10.0
2025-03-01,2025-02-01,79094,JBL,0.4191951332671206,10.0
2025-03-01,2025-02-01,91041,LYV,0.46779936303441766,10.0
2025-03-01,2025-02-01,86964,FFIV,0.43947852844542296,10.0
2025-03-01,2025-02-01,20189,DASH,0.5417598652069584,10.0
2025-03-01,2025-02-01,69649,RJF,0.30247249933956843,10.0
2025-03-01,2025-02-01,16736,VST,0.5702195791780538,10.0
2025-03-01,2025-02-01,21723,HOOD,1.490060770291921,10.0
2025-03-01,2025-02-01,22976,WBD,0.46173565622701856,10.0
2025-03-01,2025-02-01,70519,C,0.29686137318861344,10.0
2025-03-01,2025-02-01,24328,EQT,0.4473387271773318,10.0
2025-03-01,2025-02-01,89393,NFLX,0.3981050885472236,10.0
2025-03-01,2025-02-01,24878,GEV,0.6687788088104181,10.0
2025-03-01,2025-02-01,18420,FOXA,0.40144318751456143,10.0
2025-03-01,2025-02-01,93436,TSLA,0.368363515317258,10.0
2025-03-01,2025-02-01,49656,BK,0.3191238347597476,10.0
2025-03-01,2025-02-01,75154,CCL,0.4503033274829644,10.0
2025-03-01,2025-02-01,92203,LULU,0.40906604516315936,10.0
2025-03-01,2025-02-01,14579,PAYC,0.35041623781509734,10.0
2025-04-01,2025-03-01,12558,KMI,0.32030665542318437,10.0
2025-04-01,2025-03-01,76082,CTRA,0.22666039993300569,10.0
2025-04-01,2025-03-01,66093,T,0.3189268331803328,10.0
2025-04-01,2025-03-01,77274,GILD,0.35723165343810953,10.0
2025-04-01,2025-03-01,91937,TMUS,0.301301684674124,10.0
2025-04-01,2025-03-01,10696,FI,0.22922261757661125,10.0
2025-04-01,2025-03-01,65947,WELL,0.2079240746578071,10.0
2025-04-01,2025-03-01,76605,AZO,0.21039090282583006,10.0
2025-04-01,2025-03-01,75186,SCHW,0.21599801927970555,10.0
2025-04-01,2025-03-01,92611,V,0.2792072938502935,10.0
2025-04-01,2025-03-01,92602,PM,0.3337058064574078,10.0
2025-04-01,2025-03-01,79103,ORLY,0.24399023050483382,10.0
2025-04-01,2025-03-01,62308,GL,0.24918935363828243,10.0
2025-04-01,2025-03-01,93132,FTNT,0.24126299864919912,10.0
2025-04-01,2025-03-01,12476,TRGP,0.365703892723289,10.0
2025-04-01,2025-03-01,75034,BKR,0.22842487895901437,10.0
2025-04-01,2025-03-01,14579,PAYC,0.3160066434166848,10.0
2025-04-01,2025-03-01,19788,PLTR,1.2688183420541614,10.0
2025-04-01,2025-03-01,87356,TKO,0.23858904518664037,10.0
2025-04-01,2025-03-01,18421,FOX,0.36548209601844855,10.0
2025-04-01,2025-03-01,89031,AXON,0.3161911463731868,10.0
2025-04-01,2025-03-01,86964,FFIV,0.20921970622244354,10.0
2025-04-01,2025-03-01,38703,WFC,0.2844401844687763,10.0
2025-04-01,2025-03-01,20583,EXE,0.36941533030697954,10.0
2025-04-01,2025-03-01,88837,GRMN,0.24211908359602105,10.0
2025-04-01,2025-03-01,13901,MO,0.2203055005984772,10.0
2025-04-01,2025-03-01,88661,TPR,0.5139376375709119,10.0
2025-04-01,2025-03-01,86228,RSG,0.21273672911005764,10.0
2025-04-01,2025-03-01,20189,DASH,0.2805290661071701,10.0
2025-04-01,2025-03-01,81061,MCK,0.3642271280434384,10.0
2025-04-01,2025-03-01,17743,WRB,0.26813608492375446,10.0
2025-04-01,2025-03-01,89393,NFLX,0.31477534710514504,10.0
2025-04-01,2025-03-01,18726,CRWD,0.25710258608168174,10.0
2025-04-01,2025-03-01,81540,COR,0.24115096536719627,10.0
2025-04-01,2025-03-01,22976,WBD,0.3006065735547388,10.0
2025-04-01,2025-03-01,38093,AJG,0.23194418955256257,10.0
2025-04-01,2025-03-01,81655,DRI,0.2871227616432742,10.0
2025-04-01,2025-03-01,38156,WMB,0.33204433617520557,10.0
2025-04-01,2025-03-01,85753,VRSN,0.33644062298296235,10.0
2025-04-01,2025-03-01,89626,CME,0.24424318417544205,10.0
2025-04-01,2025-03-01,21371,CAH,0.2576384729874035,10.0
2025-04-01,2025-03-01,20391,TPL,0.5009683355319987,10.0
2025-04-01,2025-03-01,20894,APP,1.0296442435677982,10.0
2025-04-01,2025-03-01,24328,EQT,0.4682425763270835,10.0
2025-04-01,2025-03-01,24643,HWM,0.29598918797580887,10.0
2025-04-01,2025-03-01,84761,TTWO,0.3483190106830344,10.0
2025-04-01,2025-03-01,21792,CNP,0.2477090511848229,10.0
2025-04-01,2025-03-01,24010,ETR,0.3193089391974095,10.0
2025-04-01,2025-03-01,91103,UAL,0.21012891289564214,10.0
2025-04-01,2025-03-01,21723,HOOD,0.7771152580819685,10.0
2025-04-01,2025-03-01,18420,FOXA,0.34352201087287604,10.0
2025-05-01,2025-04-01,12490,IBM,0.1869599718578835,10.0
2025-05-01,2025-04-01,16678,KR,0.3083197992891028,10.0
2025-05-01,2025-04-01,17743,WRB,0.2677485050788748,10.0
2025-05-01,2025-04-01,20189,DASH,0.2309502435131842,10.0
2025-05-01,2025-04-01,21371,CAH,0.31237056967446064,10.0
2025-05-01,2025-04-01,81655,DRI,0.27280587086843294,10.0
2025-05-01,2025-04-01,92602,PM,0.3172193495005561,10.0
2025-05-01,2025-04-01,21776,EXC,0.21640454905881706,10.0
2025-05-01,2025-04-01,36003,ROL,0.2197428708829442,10.0
2025-05-01,2025-04-01,79094,JBL,0.19197752600413906,10.0
2025-05-01,2025-04-01,21792,CNP,0.33055286787044785,10.0
2025-05-01,2025-04-01,84761,TTWO,0.44274136382649115,10.0
2025-05-01,2025-04-01,89393,NFLX,0.4969261410936191,10.0
2025-05-01,2025-04-01,92611,V,0.19627418252123935,10.0
2025-05-01,2025-04-01,24878,GEV,0.23111251304366962,10.0
2025-05-01,2025-04-01,18420,FOXA,0.1911584004586489,10.0
2025-05-01,2025-04-01,90248,DPZ,0.19405325817579153,10.0
2025-05-01,2025-04-01,24643,HWM,0.39175850158822756,10.0
2025-05-01,2025-04-01,21723,HOOD,1.0906794333306902,10.0
2025-05-01,2025-04-01,18421,FOX,0.19295352484202355,10.0
2025-05-01,2025-04-01,89626,CME,0.2723796243061285,10.0
2025-05-01,2025-04-01,77605,BSX,0.22435188341475434,10.0
2025-05-01,2025-04-01,85753,VRSN,0.5953411536454691,10.0
2025-05-01,2025-04-01,90071,NRG,0.22308349926599583,10.0
2025-05-01,2025-04-01,88661,TPR,0.5040521136326104,10.0
2025-05-01,2025-04-01,89031,AXON,0.4481691736847602,10.0
2025-05-01,2025-04-01,66093,T,0.257737016846344,10.0
2025-05-01,2025-04-01,55976,WMT,0.19256189492317996,10.0
2025-05-01,2025-04-01,12623,HII,0.26348439207766916,10.0
2025-05-01,2025-04-01,86356,EBAY,0.19552916424879677,10.0
2025-05-01,2025-04-01,77274,GILD,0.21813513521529085,10.0
2025-05-01,2025-04-01,24328,EQT,0.3623163868744864,10.0
2025-05-01,2025-04-01,93096,DG,0.1877892360887317,10.0
2025-05-01,2025-04-01,64390,PGR,0.18330053642219435,10.0
2025-05-01,2025-04-01,87356,TKO,0.3989322907044821,10.0
2025-05-01,2025-04-01,86228,RSG,0.2730953167572579,10.0
2025-05-01,2025-04-01,17005,CVS,0.20829887619999327,10.0
2025-05-01,2025-04-01,81061,MCK,0.4270974076191203,10.0
2025-05-01,2025-04-01,18726,CRWD,0.4446371473317617,10.0
2025-05-01,2025-04-01,81540,COR,0.2890416333988596,10.0
2025-05-01,2025-04-01,76605,AZO,0.25044853066576844,10.0
2025-05-01,2025-04-01,93132,FTNT,0.31909456343944403,10.0
2025-05-01,2025-04-01,20894,APP,0.5898807691288899,10.0
2025-05-01,2025-04-01,12060,GE,0.1773791415710225,10.0
2025-05-01,2025-04-01,19561,BA,0.22724491038903114,10.0
2025-05-01,2025-04-01,20583,EXE,0.24087351966968715,10.0
2025-05-01,2025-04-01,79103,ORLY,0.22725729802089523,10.0
2025-05-01,2025-04-01,12308,CHTR,0.19611691991131877,10.0
2025-05-01,2025-04-01,19788,PLTR,1.8498587707659135,10.0
2025-05-01,2025-04-01,80320,CPRT,0.18573818680274687,10.0
2025-05-01,2025-04-01,81481,DLTR,0.2650058593151015,10.0
2025-06-01,2025-05-01,46886,KLAC,0.1753028088684767,10.0
2025-06-01,2025-05-01,92050,PODD,0.21834604617854356,10.0
2025-06-01,2025-05-01,12622,HCA,0.17055595345706512,10.0
2025-06-01,2025-05-01,93002,AVGO,0.501949003253696,10.0
2025-06-01,2025-05-01,66093,T,0.22848549691355802,10.0
2025-06-01,2025-05-01,16655,CVNA,0.25627642839373693,10.0
2025-06-01,2025-05-01,21207,NEM,0.2704234120088716,10.0
2025-06-01,2025-05-01,45356,JCI,0.2196851484934248,10.0
2025-06-01,2025-05-01,24643,HWM,0.43715970803629695,10.0
2025-06-01,2025-05-01,88661,TPR,0.27404400393656225,10.0
2025-06-01,2025-05-01,20583,EXE,0.18617911696640627,10.0
2025-06-01,2025-05-01,85072,RL,0.20513046805142976,10.0
2025-06-01,2025-05-01,86228,RSG,0.18482591216427807,10.0
2025-06-01,2025-05-01,84761,TTWO,0.2011897884589338,10.0
2025-06-01,2025-05-01,12060,GE,0.354724465906712,10.0
2025-06-01,2025-05-01,89641,STX,0.1821679516395922,10.0
2025-06-01,2025-05-01,84769,APH,0.2438085958710013,10.0
2025-06-01,2025-05-01,19561,BA,0.3337607377058242,10.0
2025-06-01,2025-05-01,92602,PM,0.38441282333300214,10.0
2025-06-01,2025-05-01,20894,APP,0.16703746759495494,10.0
2025-06-01,2025-05-01,18420,FOXA,0.1715472151846091,10.0
2025-06-01,2025-05-01,77274,GILD,0.20749329758636573,10.0
2025-06-01,2025-05-01,91152,TDG,0.17195887757173176,10.0
2025-06-01,2025-05-01,24328,EQT,0.22035368729194882,10.0
2025-06-01,2025-05-01,76605,AZO,0.17778656063908124,10.0
2025-06-01,2025-05-01,90071,NRG,0.5468131188496124,10.0
2025-06-01,2025-05-01,89626,CME,0.2566352384874917,10.0
2025-06-01,2025-05-01,21723,HOOD,0.7621221720113855,10.0
2025-06-01,2025-05-01,24878,GEV,0.4177270309922531,10.0
2025-06-01,2025-05-01,92611,V,0.16291165237529506,10.0
2025-06-01,2025-05-01,78975,INTU,0.17819834065768977,10.0
2025-06-01,2025-05-01,90386,MOS,0.38929032819165343,10.0
2025-06-01,2025-05-01,81540,COR,0.16260459397016988,10.0
2025-06-01,2025-05-01,79094,JBL,0.238090698536329,10.0
2025-06-01,2025-05-01,85753,VRSN,0.4596256745828848,10.0
2025-06-01,2025-05-01,90455,MPWR,0.17166166722253218,10.0
2025-06-01,2025-05-01,76709,IDXX,0.21721337236935115,10.0
2025-06-01,2025-05-01,18576,UBER,0.1695372411608199,10.0
2025-06-01,2025-05-01,17743,WRB,0.16979261756239805,10.0
2025-06-01,2025-05-01,13103,APTV,0.20313436505852941,10.0
2025-06-01,2025-05-01,91907,SMCI,0.22610497615964767,10.0
2025-06-01,2025-05-01,21371,CAH,0.27350723789237513,10.0
2025-06-01,2025-05-01,93096,DG,0.2771214713625463,10.0
2025-06-01,2025-05-01,81655,DRI,0.23361701524102266,10.0
2025-06-01,2025-05-01,86356,EBAY,0.1658453554540447,10.0
2025-06-01,2025-05-01,22623,CEG,0.1970580631950334,10.0
2025-06-01,2025-05-01,81481,DLTR,0.26645149113349004,10.0
2025-06-01,2025-05-01,19788,PLTR,0.9645223412728021,10.0
2025-06-01,2025-05-01,92322,ULTA,0.21937813505351428,10.0
2025-06-01,2025-05-01,18726,CRWD,0.3624581251270342,10.0
2025-06-01,2025-05-01,89393,NFLX,0.3613177259632293,10.0
2025-07-01,2025-06-01,52978,HAS,0.34894637144801327,10.0
2025-07-01,2025-06-01,13407,META,0.26262517667915636,10.0
2025-07-01,2025-06-01,81481,DLTR,0.32159152589886414,10.0
2025-07-01,2025-06-01,21723,HOOD,1.5128865857514757,10.0
2025-07-01,2025-06-01,18592,CTVA,0.31528922939298665,10.0
2025-07-01,2025-06-01,48486,LRCX,0.35493011079799014,10.0
2025-07-01,2025-06-01,90071,NRG,0.7943889288430168,10.0
2025-07-01,2025-06-01,20189,DASH,0.46950748813119625,10.0
2025-07-01,2025-06-01,17830,RTX,0.27480380487300005,10.0
2025-07-01,2025-06-01,24328,EQT,0.2722083012970971,10.0
2025-07-01,2025-06-01,22623,CEG,0.4473178257667974,10.0
2025-07-01,2025-06-01,84769,APH,0.42809557677241145,10.0
2025-07-01,2025-06-01,79094,JBL,0.5170772353424533,10.0
2025-07-01,2025-06-01,81540,COR,0.34012404367946286,10.0
2025-07-01,2025-06-01,92602,PM,0.5381222605440645,10.0
2025-07-01,2025-06-01,16736,VST,0.4098755437805737,10.0
2025-07-01,2025-06-01,12490,IBM,0.3590308416574222,10.0
2025-07-01,2025-06-01,21371,CAH,0.4318237880510991,10.0
2025-07-01,2025-06-01,53613,MU,0.4664095711105733,10.0
2025-07-01,2025-06-01,89641,STX,0.6945312806871689,10.0
2025-07-01,2025-06-01,10104,ORCL,0.32031999202926154,10.0
2025-07-01,2025-06-01,66384,WDC,0.43038075083420685,10.0
2025-07-01,2025-06-01,85059,FIX,0.2672898897599999,10.0
2025-07-01,2025-06-01,46886,KLAC,0.4282560348659444,10.0
2025-07-01,2025-06-01,76709,IDXX,0.29726196145867456,10.0
2025-07-01,2025-06-01,24878,GEV,0.6099447897997137,10.0
2025-07-01,2025-06-01,17743,WRB,0.26707661956938167,10.0
2025-07-01,2025-06-01,18726,CRWD,0.4885140220856128,10.0
2025-07-01,2025-06-01,20892,COIN,0.41155825831289927,10.0
2025-07-01,2025-06-01,91907,SMCI,0.6079419096041638,10.0
2025-07-01,2025-06-01,66093,T,0.30076559351468607,10.0
2025-07-01,2025-06-01,12060,GE,0.5460914775240406,10.0
2025-07-01,2025-06-01,12623,HII,0.29538430693875034,10.0
2025-07-01,2025-06-01,90386,MOS,0.5063917817855825,10.0
2025-07-01,2025-06-01,17005,CVS,0.5714386555457807,10.0
2025-07-01,2025-06-01,85753,VRSN,0.3992419285771945,10.0
2025-07-01,2025-06-01,89031,AXON,0.3930864884522356,10.0
2025-07-01,2025-06-01,79145,RCL,0.36600816323082697,10.0
2025-07-01,2025-06-01,87356,TKO,0.28682108201132517,10.0
2025-07-01,2025-06-01,21207,NEM,0.5819602904171239,10.0
2025-07-01,2025-06-01,88661,TPR,0.3561387824738,10.0
2025-07-01,2025-06-01,89393,NFLX,0.5024113141228908,10.0
2025-07-01,2025-06-01,19788,PLTR,0.8024604868039589,10.0
2025-07-01,2025-06-01,18576,UBER,0.5467501597539239,10.0
2025-07-01,2025-06-01,12622,HCA,0.28165804555592233,10.0
2025-07-01,2025-06-01,16655,CVNA,0.656961767832519,10.0
2025-07-01,2025-06-01,93096,DG,0.530804298475116,10.0
2025-07-01,2025-06-01,45356,JCI,0.3488168698289675,10.0
2025-07-01,2025-06-01,84761,TTWO,0.3192640351546444,10.0
2025-07-01,2025-06-01,81061,MCK,0.2884659474277926,10.0
2025-07-01,2025-06-01,24643,HWM,0.7042515298777177,10.0
2025-08-01,2025-07-01,10104,ORCL,0.5010223904145008,10.0
2025-08-01,2025-07-01,85059,FIX,0.6138979966286697,10.0
2025-08-01,2025-07-01,10107,MSFT,0.290279888936009,10.0
2025-08-01,2025-07-01,84769,APH,0.5113753455196399,10.0
2025-08-01,2025-07-01,22976,WBD,0.2614936172655485,10.0
2025-08-01,2025-07-01,92322,ULTA,0.2495689341836572,10.0
2025-08-01,2025-07-01,92157,TEL,0.40254880761278833,10.0
2025-08-01,2025-07-01,16736,VST,0.24473451628091972,10.0
2025-08-01,2025-07-01,86356,EBAY,0.37111374071575476,10.0
2025-08-01,2025-07-01,89533,WYNN,0.2621157543133407,10.0
2025-08-01,2025-07-01,61241,AMD,0.5205679974359183,10.0
2025-08-01,2025-07-01,16655,CVNA,0.5765709615511563,10.0
2025-08-01,2025-07-01,12623,HII,0.433156533650104,10.0
2025-08-01,2025-07-01,89641,STX,0.6511420055521604,10.0
2025-08-01,2025-07-01,25582,LHX,0.30983144848036487,10.0
2025-08-01,2025-07-01,78987,MCHP,0.26389166883637205,10.0
2025-08-01,2025-07-01,93096,DG,0.4939308215525754,10.0
2025-08-01,2025-07-01,16600,HSY,0.2687978888616327,10.0
2025-08-01,2025-07-01,85753,VRSN,0.25396616548915946,10.0
2025-08-01,2025-07-01,21371,CAH,0.26375797692304154,10.0
2025-08-01,2025-07-01,66384,WDC,0.6104337510316857,10.0
2025-08-01,2025-07-01,14297,ALLE,0.25982231622571617,10.0
2025-08-01,2025-07-01,79094,JBL,0.37542138462900976,10.0
2025-08-01,2025-07-01,20189,DASH,0.32526595947554704,10.0
2025-08-01,2025-07-01,11618,FAST,0.2725399200301966,10.0
2025-08-01,2025-07-01,85792,PWR,0.3211546558821707,10.0
2025-08-01,2025-07-01,81481,DLTR,0.5480577553882762,10.0
2025-08-01,2025-07-01,21207,NEM,0.4691348224111162,10.0
2025-08-01,2025-07-01,45356,JCI,0.35688752045661165,10.0
2025-08-01,2025-07-01,86580,NVDA,0.4816159339786664,10.0
2025-08-01,2025-07-01,52978,HAS,0.3276035707212404,10.0
2025-08-01,2025-07-01,19561,BA,0.256740993875806,10.0
2025-08-01,2025-07-01,93246,GNRC,0.30375728180164674,10.0
2025-08-01,2025-07-01,18576,UBER,0.3126391192565634,10.0
2025-08-01,2025-07-01,91907,SMCI,1.06767400549063,10.0
2025-08-01,2025-07-01,12060,GE,0.3360590475460919,10.0
2025-08-01,2025-07-01,84381,ROK,0.2740765418708901,10.0
2025-08-01,2025-07-01,21723,HOOD,0.983641173942355,10.0
2025-08-01,2025-07-01,76709,IDXX,0.26598763248799107,10.0
2025-08-01,2025-07-01,24643,HWM,0.4222220778237603,10.0
2025-08-01,2025-07-01,19788,PLTR,0.9196273179034777,10.0
2025-08-01,2025-07-01,18267,DELL,0.29422978441986586,10.0
2025-08-01,2025-07-01,88661,TPR,0.4943464225382513,10.0
2025-08-01,2025-07-01,93002,AVGO,0.33458976084531344,10.0
2025-08-01,2025-07-01,90071,NRG,0.6454879944405147,10.0
2025-08-01,2025-07-01,82694,EME,0.40202043349669664,10.0
2025-08-01,2025-07-01,92602,PM,0.280620480512324,10.0
2025-08-01,2025-07-01,20892,COIN,0.2966736060241596,10.0
2025-08-01,2025-07-01,90386,MOS,0.31050782529868554,10.0
2025-08-01,2025-07-01,24878,GEV,0.7729367611795328,10.0
2025-08-01,2025-07-01,78975,INTU,0.30943237793124323,10.0
2025-09-01,2025-08-01,10516,ADM,0.35239325333143134,10.0
2025-09-01,2025-08-01,20894,APP,0.4692393946285042,10.0
2025-09-01,2025-08-01,85059,FIX,0.9416537628520922,10.0
2025-09-01,2025-08-01,75154,CCL,0.33263639124649447,10.0
2025-09-01,2025-08-01,11403,CDNS,0.3989229244601046,10.0
2025-09-01,2025-08-01,21723,HOOD,1.0764500647628155,10.0
2025-09-01,2025-08-01,19561,BA,0.34386997846071654,10.0
2025-09-01,2025-08-01,76709,IDXX,0.48038274066777786,10.0
2025-09-01,2025-08-01,85792,PWR,0.45673367507860757,10.0
2025-09-01,2025-08-01,19788,PLTR,0.8453844039989502,10.0
2025-09-01,2025-08-01,66384,WDC,0.6449530694760688,10.0
2025-09-01,2025-08-01,11618,FAST,0.3248753791889997,10.0
2025-09-01,2025-08-01,85663,URI,0.4954858755403901,10.0
2025-09-01,2025-08-01,92322,ULTA,0.34493343741921256,10.0
2025-09-01,2025-08-01,93002,AVGO,0.49934765854160607,10.0
2025-09-01,2025-08-01,89031,AXON,0.4141163981846663,10.0
2025-09-01,2025-08-01,22293,GLW,0.3497507191725743,10.0
2025-09-01,2025-08-01,21207,NEM,0.7551930810517666,10.0
2025-09-01,2025-08-01,93096,DG,0.483755731107508,10.0
2025-09-01,2025-08-01,16655,CVNA,0.5955388094579248,10.0
2025-09-01,2025-08-01,90071,NRG,0.3859108474118639,10.0
2025-09-01,2025-08-01,89641,STX,0.6645325928757069,10.0
2025-09-01,2025-08-01,12060,GE,0.3340183318734847,10.0
2025-09-01,2025-08-01,79094,JBL,0.3232916817460151,10.0
2025-09-01,2025-08-01,92157,TEL,0.3512788342774973,10.0
2025-09-01,2025-08-01,91611,FSLR,0.43332314985717346,10.0
2025-09-01,2025-08-01,77357,SNPS,0.31980475909033074,10.0
2025-09-01,2025-08-01,14297,ALLE,0.3295513838534231,10.0
2025-09-01,2025-08-01,84769,APH,0.64167297006324,10.0
2025-09-01,2025-08-01,10104,ORCL,0.36975196977644603,10.0
2025-09-01,2025-08-01,90455,MPWR,0.37443736173319747,10.0
2025-09-01,2025-08-01,93246,GNRC,0.36063281539884806,10.0
2025-09-01,2025-08-01,25582,LHX,0.36105274820734495,10.0
2025-09-01,2025-08-01,89533,WYNN,0.4260085021499265,10.0
2025-09-01,2025-08-01,82694,EME,0.5179169466499092,10.0
2025-09-01,2025-08-01,24878,GEV,0.8310027847408223,10.0
2025-09-01,2025-08-01,20892,COIN,0.4123912525206146,10.0
2025-09-01,2025-08-01,12623,HII,0.5593277656897173,10.0
2025-09-01,2025-08-01,90386,MOS,0.4172624401665435,10.0
2025-09-01,2025-08-01,75828,EA,0.33489772886244157,10.0
2025-09-01,2025-08-01,16736,VST,0.4190154690849036,10.0
2025-09-01,2025-08-01,12622,HCA,0.3243111107209756,10.0
2025-09-01,2025-08-01,79145,RCL,0.48525678188492055,10.0
2025-09-01,2025-08-01,86356,EBAY,0.41590454715916175,10.0
2025-09-01,2025-08-01,91547,LDOS,0.3999179401104827,10.0
2025-09-01,2025-08-01,77661,DHI,0.3441712031951928,10.0
2025-09-01,2025-08-01,48486,LRCX,0.3121163189294769,10.0
2025-09-01,2025-08-01,61241,AMD,0.6285785681074318,10.0
2025-09-01,2025-08-01,81481,DLTR,0.4983535251376033,10.0
2025-09-01,2025-08-01,14714,ANET,0.4674901400653349,10.0
2025-09-01,2025-08-01,86580,NVDA,0.39454976285718857,10.0
2025-10-01,2025-09-01,90071,NRG,0.7075318163380235,10.0
2025-10-01,2025-09-01,20892,COIN,0.959530496388598,10.0
2025-10-01,2025-09-01,59328,INTC,0.4773238568526071,10.0
2025-10-01,2025-09-01,82694,EME,0.7592297050390999,10.0
2025-10-01,2025-09-01,93002,AVGO,0.9785256690998567,10.0
2025-10-01,2025-09-01,90319,GOOGL,0.5753255818619971,10.0
2025-10-01,2025-09-01,85663,URI,0.5300664631068994,10.0
2025-10-01,2025-09-01,14714,ANET,0.8806134879696754,10.0
2025-10-01,2025-09-01,88661,TPR,0.6213410056521342,10.0
2025-10-01,2025-09-01,12060,GE,0.5069948277608385,10.0
2025-10-01,2025-09-01,24878,GEV,1.016667448962083,10.0
2025-10-01,2025-09-01,93436,TSLA,0.7160053090399585,10.0
2025-10-01,2025-09-01,19583,IVZ,0.5477922864921922,10.0
2025-10-01,2025-09-01,51369,TER,0.6705578490103816,10.0
2025-10-01,2025-09-01,86580,NVDA,0.7217523113747464,10.0
2025-10-01,2025-09-01,20894,APP,1.7117801935901884,10.0
2025-10-01,2025-09-01,48486,LRCX,0.8501495940317456,10.0
2025-10-01,2025-09-01,46886,KLAC,0.59389507962163,10.0
2025-10-01,2025-09-01,79145,RCL,0.5843710611098185,10.0
2025-10-01,2025-09-01,20189,DASH,0.48815548940135917,10.0
2025-10-01,2025-09-01,21207,NEM,0.7604109163279851,10.0
2025-10-01,2025-09-01,53613,MU,0.9274961694453245,10.0
2025-10-01,2025-09-01,66384,WDC,1.978319798313012,10.0
2025-10-01,2025-09-01,85792,PWR,0.6315043978605563,10.0
2025-10-01,2025-09-01,79094,JBL,0.5973756712930578,10.0
2025-10-01,2025-09-01,91611,FSLR,0.7442837685080324,10.0
2025-10-01,2025-09-01,21413,METV,0.5270570568761506,10.0
2025-10-01,2025-09-01,26181,SNDK,1.356648981672755,10.0
2025-10-01,2025-09-01,18267,DELL,0.5716678547746623,10.0
2025-10-01,2025-09-01,14542,GOOG,0.5621632265003651,10.0
2025-10-01,2025-09-01,76709,IDXX,0.5213484271303179,10.0
2025-10-01,2025-09-01,90455,MPWR,0.5934464015864969,10.0
2025-10-01,2025-09-01,24643,HWM,0.5145689157710527,10.0
2025-10-01,2025-09-01,21723,HOOD,2.4401765457445292,10.0
2025-10-01,2025-09-01,22293,GLW,0.8094736604028576,10.0
2025-10-01,2025-09-01,84769,APH,0.8926957373881179,10.0
2025-10-01,2025-09-01,61241,AMD,0.5747511370117384,10.0
2025-10-01,2025-09-01,89533,WYNN,0.5436948059699012,10.0
2025-10-01,2025-09-01,85059,FIX,1.564346580211161,10.0
2025-10-01,2025-09-01,16655,CVNA,0.8042858347121602,10.0
2025-10-01,2025-09-01,89641,STX,1.8017727758549054,10.0
2025-10-01,2025-09-01,15707,HPE,0.6116000696913766,10.0
2025-10-01,2025-09-01,92322,ULTA,0.4916514690259387,10.0
2025-10-01,2025-09-01,10104,ORCL,1.0234259020443557,10.0
2025-10-01,2025-09-01,75154,CCL,0.48028727167249635,10.0
2025-10-01,2025-09-01,92043,IBKR,0.6668539655084826,10.0
2025-10-01,2025-09-01,22976,WBD,0.8201303379586298,10.0
2025-10-01,2025-09-01,22623,CEG,0.6361851869328585,10.0
2025-10-01,2025-09-01,19788,PLTR,1.1613741083689653,10.0
2025-10-01,2025-09-01,16736,VST,0.672114200852898,10.0
2025-10-01,2025-09-01,92157,TEL,0.5657419393052883,10.0
2025-11-01,2025-10-01,12369,GM,0.5359579076580334,10.0
2025-11-01,2025-10-01,24878,GEV,0.5793260965302687,10.0
2025-11-01,2025-10-01,82642,EL,0.6272556578033688,10.0
2025-11-01,2025-10-01,93436,TSLA,0.6180884083208689,10.0
2025-11-01,2025-10-01,10104,ORCL,0.8733077256166313,10.0
2025-11-01,2025-10-01,85459,CHRW,0.7456672783105049,10.0
2025-11-01,2025-10-01,21207,NEM,0.5494604035859318,10.0
2025-11-01,2025-10-01,66384,WDC,2.434842233904573,10.0
2025-11-01,2025-10-01,53613,MU,1.9125585352867942,10.0
2025-11-01,2025-10-01,80191,ALB,0.6979006002323027,10.0
2025-11-01,2025-10-01,88281,CRL,0.5180406650682601,10.0
2025-11-01,2025-10-01,22976,WBD,1.589389188700923,10.0
2025-11-01,2025-10-01,79094,JBL,0.5084464564959912,10.0
2025-11-01,2025-10-01,90505,LVS,0.636715737430291,10.0
2025-11-01,2025-10-01,46886,KLAC,0.7280221234090285,10.0
2025-11-01,2025-10-01,85792,PWR,0.5352667069787036,10.0
2025-11-01,2025-10-01,14542,GOOG,0.7552758158967066,10.0
2025-11-01,2025-10-01,85059,FIX,1.4329068807003202,10.0
2025-11-01,2025-10-01,91611,FSLR,1.121601526387832,10.0
2025-11-01,2025-10-01,18911,DDOG,0.5936780564764657,10.0
2025-11-01,2025-10-01,92157,TEL,0.7008383026165219,10.0
2025-11-01,2025-10-01,26181,SNDK,5.207728975651654,10.0
2025-11-01,2025-10-01,90455,MPWR,0.7009792310706222,10.0
2025-11-01,2025-10-01,48486,LRCX,1.2069552574889224,10.0
2025-11-01,2025-10-01,84769,APH,0.8165214762604003,10.0
2025-11-01,2025-10-01,18267,DELL,0.7792675005442782,10.0
2025-11-01,2025-10-01,21723,HOOD,1.9888021009440848,10.0
2025-11-01,2025-10-01,90071,NRG,0.5785307302747851,10.0
2025-11-01,2025-10-01,15707,HPE,0.5243678402416057,10.0
2025-11-01,2025-10-01,12060,GE,0.537048071121961,10.0
2025-11-01,2025-10-01,59328,INTC,0.9895524163805456,10.0
2025-11-01,2025-10-01,20892,COIN,0.6944157269076441,10.0
2025-11-01,2025-10-01,14714,ANET,0.9167372381845227,10.0
2025-11-01,2025-10-01,19583,IVZ,0.7414138097528791,10.0
2025-11-01,2025-10-01,18542,CAT,0.878723278566347,10.0
2025-11-01,2025-10-01,92043,IBKR,0.6423154255866492,10.0
2025-11-01,2025-10-01,90319,GOOGL,0.7744202170710344,10.0
2025-11-01,2025-10-01,91907,SMCI,0.6308861897808238,10.0
2025-11-01,2025-10-01,86580,NVDA,0.8593065094402621,10.0
2025-11-01,2025-10-01,88661,TPR,0.5673091782636996,10.0
2025-11-01,2025-10-01,51369,TER,1.4554593091465113,10.0
2025-11-01,2025-10-01,75154,CCL,0.57197489084047,10.0
2025-11-01,2025-10-01,20894,APP,1.3665306783497408,10.0
2025-11-01,2025-10-01,22293,GLW,1.0269739551963815,10.0
2025-11-01,2025-10-01,61241,AMD,1.6309199956677811,10.0
2025-11-01,2025-10-01,89641,STX,1.8341681395755343,10.0
2025-11-01,2025-10-01,93002,AVGO,0.928339440528555,10.0
2025-11-01,2025-10-01,82694,EME,0.6878759195779061,10.0
2025-11-01,2025-10-01,19788,PLTR,0.6925854241659761,10.0
2025-11-01,2025-10-01,22623,CEG,0.6915309483446463,10.0
2025-11-01,2025-10-01,14702,AMAT,0.5555766409650968,10.0
2025-12-01,2025-11-01,70519,C,0.3926023553132762,10.0
2025-12-01,2025-11-01,61241,AMD,0.9645080963077899,10.0
2025-12-01,2025-11-01,50876,LLY,0.46318406836500614,10.0
2025-12-01,2025-11-01,46886,KLAC,0.5589950251115121,10.0
2025-12-01,2025-11-01,16851,DD,0.4425594369370857,10.0
2025-12-01,2025-11-01,13911,IQV,0.639064931309671,10.0
2025-12-01,2025-11-01,22752,MRK,0.3916884746748364,10.0
2025-12-01,2025-11-01,20894,APP,0.5253957619134757,10.0
2025-12-01,2025-11-01,12369,GM,0.49046868011479067,10.0
2025-12-01,2025-11-01,90808,EXPE,0.5387922615627392,10.0
2025-12-01,2025-11-01,76614,REGN,0.5956574943797694,10.0
2025-12-01,2025-11-01,79906,INCY,0.6055943664931314,10.0
2025-12-01,2025-11-01,80191,ALB,1.3592960934461056,10.0
2025-12-01,2025-11-01,51369,TER,1.3181074186184198,10.0
2025-12-01,2025-11-01,19583,IVZ,0.7227571464886458,10.0
2025-12-01,2025-11-01,48486,LRCX,0.9396694329931117,10.0
2025-12-01,2025-11-01,85059,FIX,1.0456732264225375,10.0
2025-12-01,2025-11-01,34817,NUE,0.47053288359568696,10.0
2025-12-01,2025-11-01,39490,APA,0.5037904167056584,10.0
2025-12-01,2025-11-01,76709,IDXX,0.46657316758477774,10.0
2025-12-01,2025-11-01,12623,HII,0.41921630144628647,10.0
2025-12-01,2025-11-01,93002,AVGO,0.6714768174181607,10.0
2025-12-01,2025-11-01,89533,WYNN,0.4275499029115643,10.0
2025-12-01,2025-11-01,14702,AMAT,0.6172533910247795,10.0
2025-12-01,2025-11-01,88661,TPR,0.4027487558983765,10.0
2025-12-01,2025-11-01,22293,GLW,0.7108324425189567,10.0
2025-12-01,2025-11-01,90319,GOOGL,0.8682286213509198,10.0
2025-12-01,2025-11-01,89641,STX,1.365407780125449,10.0
2025-12-01,2025-11-01,18542,CAT,0.6651536446638457,10.0
2025-12-01,2025-11-01,18224,AMR,0.42101047820254717,10.0
2025-12-01,2025-11-01,76712,AES,0.42990289474348176,10.0
2025-12-01,2025-11-01,14714,ANET,0.5083104650590786,10.0
2025-12-01,2025-11-01,59328,INTC,1.0746809925220138,10.0
2025-12-01,2025-11-01,21723,HOOD,0.9424053945650437,10.0
2025-12-01,2025-11-01,41080,CMI,0.5633142619977234,10.0
2025-12-01,2025-11-01,84769,APH,0.5717370700033728,10.0
2025-12-01,2025-11-01,85459,CHRW,0.674315463642805,10.0
2025-12-01,2025-11-01,82642,EL,0.4159549197014557,10.0
2025-12-01,2025-11-01,76841,BIIB,0.402957285469043,10.0
2025-12-01,2025-11-01,90455,MPWR,0.407653551218803,10.0
2025-12-01,2025-11-01,22976,WBD,1.4072221008252694,10.0
2025-12-01,2025-11-01,26181,SNDK,4.924123842211327,10.0
2025-12-01,2025-11-01,90505,LVS,0.6706953582677653,10.0
2025-12-01,2025-11-01,91611,FSLR,0.7264669665042227,10.0
2025-12-01,2025-11-01,14542,GOOG,0.8558620896689779,10.0
2025-12-01,2025-11-01,75828,EA,0.4066792198727343,10.0
2025-12-01,2025-11-01,53613,MU,1.5074245020834578,10.0
2025-12-01,2025-11-01,21207,NEM,0.7314912508353717,10.0
2025-12-01,2025-11-01,62092,TMO,0.46963086794992387,10.0
2025-12-01,2025-11-01,66384,WDC,2.1777049137500284,10.0
2025-12-01,2025-11-01,92157,TEL,0.4223098121534362,10.0
